"","time","variable","I","group"
"1",0,"I_i",0.00263333333333333,"partial26_simple_90"
"2",1,"I_i",0.00257941409945383,"partial26_simple_90"
"3",2,"I_i",0.00252505306785887,"partial26_simple_90"
"4",3,"I_i",0.0024703275736813,"partial26_simple_90"
"5",4,"I_i",0.00241530434817793,"partial26_simple_90"
"6",5,"I_i",0.0023600708748977,"partial26_simple_90"
"7",6,"I_i",0.00230469645789443,"partial26_simple_90"
"8",7,"I_i",0.0022492520315626,"partial26_simple_90"
"9",8,"I_i",0.0021938067703066,"partial26_simple_90"
"10",9,"I_i",0.00213842782534672,"partial26_simple_90"
"11",10,"I_i",0.00208318028504934,"partial26_simple_90"
"12",11,"I_i",0.00202812708478996,"partial26_simple_90"
"13",12,"I_i",0.00197332906201638,"partial26_simple_90"
"14",13,"I_i",0.00191884443753831,"partial26_simple_90"
"15",14,"I_i",0.00186472927077721,"partial26_simple_90"
"16",15,"I_i",0.00181103720627795,"partial26_simple_90"
"17",16,"I_i",0.00175781940354731,"partial26_simple_90"
"18",17,"I_i",0.00170512453330671,"partial26_simple_90"
"19",18,"I_i",0.00165299874698122,"partial26_simple_90"
"20",19,"I_i",0.00160148565859515,"partial26_simple_90"
"21",20,"I_i",0.00155062633535533,"partial26_simple_90"
"22",21,"I_i",0.00150045929541526,"partial26_simple_90"
"23",22,"I_i",0.00145102051301833,"partial26_simple_90"
"24",23,"I_i",0.00140234343156146,"partial26_simple_90"
"25",24,"I_i",0.00135445898217969,"partial26_simple_90"
"26",25,"I_i",0.00130739560937059,"partial26_simple_90"
"27",26,"I_i",0.00126117930309781,"partial26_simple_90"
"28",27,"I_i",0.00121583363579935,"partial26_simple_90"
"29",28,"I_i",0.00117137980539075,"partial26_simple_90"
"30",29,"I_i",0.00112783668223425,"partial26_simple_90"
"31",30,"I_i",0.00108522086015084,"partial26_simple_90"
"32",31,"I_i",0.00104354671422479,"partial26_simple_90"
"33",32,"I_i",0.00100282645987616,"partial26_simple_90"
"34",33,"I_i",0.000963070161493422,"partial26_simple_90"
"35",34,"I_i",0.000924285941688375,"partial26_simple_90"
"36",35,"I_i",0.000886479956884821,"partial26_simple_90"
"37",36,"I_i",0.000849656439275268,"partial26_simple_90"
"38",37,"I_i",0.000813817804648904,"partial26_simple_90"
"39",38,"I_i",0.000778964725139986,"partial26_simple_90"
"40",39,"I_i",0.000745096204264285,"partial26_simple_90"
"41",40,"I_i",0.00071220965345851,"partial26_simple_90"
"42",41,"I_i",0.000680300969149182,"partial26_simple_90"
"43",42,"I_i",0.000649364610168505,"partial26_simple_90"
"44",43,"I_i",0.000619393675257681,"partial26_simple_90"
"45",44,"I_i",0.000590379980403815,"partial26_simple_90"
"46",45,"I_i",0.000562314135775641,"partial26_simple_90"
"47",46,"I_i",0.000535185622038236,"partial26_simple_90"
"48",47,"I_i",0.00050898286584189,"partial26_simple_90"
"49",48,"I_i",0.000483693314295313,"partial26_simple_90"
"50",49,"I_i",0.000459303508248168,"partial26_simple_90"
"51",50,"I_i",0.000435799154222467,"partial26_simple_90"
"52",51,"I_i",0.000413165194846661,"partial26_simple_90"
"53",52,"I_i",0.000391385877660131,"partial26_simple_90"
"54",53,"I_i",0.000370444859559356,"partial26_simple_90"
"55",54,"I_i",0.000350325144448063,"partial26_simple_90"
"56",55,"I_i",0.000331009296030634,"partial26_simple_90"
"57",56,"I_i",0.000312479439516766,"partial26_simple_90"
"58",57,"I_i",0.000294717313899735,"partial26_simple_90"
"59",58,"I_i",0.000277704329581939,"partial26_simple_90"
"60",59,"I_i",0.000261421641795819,"partial26_simple_90"
"61",60,"I_i",0.000245850190379575,"partial26_simple_90"
"62",61,"I_i",0.000230970745356287,"partial26_simple_90"
"63",62,"I_i",0.000216763967135576,"partial26_simple_90"
"64",63,"I_i",0.00020321042797856,"partial26_simple_90"
"65",64,"I_i",0.000190290684074668,"partial26_simple_90"
"66",65,"I_i",0.000177985304918483,"partial26_simple_90"
"67",66,"I_i",0.000166274911672304,"partial26_simple_90"
"68",67,"I_i",0.000155140217392328,"partial26_simple_90"
"69",68,"I_i",0.00014456205334811,"partial26_simple_90"
"70",69,"I_i",0.000134521406897771,"partial26_simple_90"
"71",70,"I_i",0.000124999452431648,"partial26_simple_90"
"72",71,"I_i",0.000115977564649416,"partial26_simple_90"
"73",72,"I_i",0.000107437387340105,"partial26_simple_90"
"74",73,"I_i",9.93608069074791e-05,"partial26_simple_90"
"75",74,"I_i",9.17299938351192e-05,"partial26_simple_90"
"76",75,"I_i",8.45274269466839e-05,"partial26_simple_90"
"77",76,"I_i",7.77359151043087e-05,"partial26_simple_90"
"78",77,"I_i",7.13385908066671e-05,"partial26_simple_90"
"79",78,"I_i",6.53189410175018e-05,"partial26_simple_90"
"80",79,"I_i",5.96608241475693e-05,"partial26_simple_90"
"81",80,"I_i",5.43484745749473e-05,"partial26_simple_90"
"82",81,"I_i",4.93665128725985e-05,"partial26_simple_90"
"83",82,"I_i",4.46999541254707e-05,"partial26_simple_90"
"84",83,"I_i",4.0334214553911e-05,"partial26_simple_90"
"85",84,"I_i",3.62551168365435e-05,"partial26_simple_90"
"86",85,"I_i",3.24488941507857e-05,"partial26_simple_90"
"87",86,"I_i",2.8902192992322e-05,"partial26_simple_90"
"88",87,"I_i",2.56020748425775e-05,"partial26_simple_90"
"89",88,"I_i",2.25360167493716e-05,"partial26_simple_90"
"90",89,"I_i",1.96919108851481e-05,"partial26_simple_90"
"91",90,"I_i",1.70652563111237e-05,"partial26_simple_90"
"92",91,"I_i",1.84642185607297e-05,"partial26_simple_90"
"93",92,"I_i",1.99587957038544e-05,"partial26_simple_90"
"94",93,"I_i",2.15531074525676e-05,"partial26_simple_90"
"95",94,"I_i",2.32517282529115e-05,"partial26_simple_90"
"96",95,"I_i",2.5059261160767e-05,"partial26_simple_90"
"97",96,"I_i",2.69803170196914e-05,"partial26_simple_90"
"98",97,"I_i",2.9019493772093e-05,"partial26_simple_90"
"99",98,"I_i",3.11813535042673e-05,"partial26_simple_90"
"100",99,"I_i",3.34703988747408e-05,"partial26_simple_90"
"101",100,"I_i",3.5891046561574e-05,"partial26_simple_90"
"102",101,"I_i",3.84475985247052e-05,"partial26_simple_90"
"103",102,"I_i",4.11442122333817e-05,"partial26_simple_90"
"104",103,"I_i",4.39848694130361e-05,"partial26_simple_90"
"105",104,"I_i",4.69733432225119e-05,"partial26_simple_90"
"106",105,"I_i",5.01131640336655e-05,"partial26_simple_90"
"107",106,"I_i",5.34075839697042e-05,"partial26_simple_90"
"108",107,"I_i",5.68595403561799e-05,"partial26_simple_90"
"109",108,"I_i",6.04716182680701e-05,"partial26_simple_90"
"110",109,"I_i",6.42460123815929e-05,"partial26_simple_90"
"111",110,"I_i",6.81844883644327e-05,"partial26_simple_90"
"112",111,"I_i",7.22883440631056e-05,"partial26_simple_90"
"113",112,"I_i",7.65583707707286e-05,"partial26_simple_90"
"114",113,"I_i",8.09948148821087e-05,"partial26_simple_90"
"115",114,"I_i",8.55973402654255e-05,"partial26_simple_90"
"116",115,"I_i",9.03649917004263e-05,"partial26_simple_90"
"117",116,"I_i",9.52961597515139e-05,"partial26_simple_90"
"118",117,"I_i",0.000100388547459926,"partial26_simple_90"
"119",118,"I_i",0.000105639139251897,"partial26_simple_90"
"120",119,"I_i",0.00011104417246877,"partial26_simple_90"
"121",120,"I_i",0.000116599111930063,"partial26_simple_90"
"122",121,"I_i",0.000122298627940958,"partial26_simple_90"
"123",122,"I_i",0.000128136578151261,"partial26_simple_90"
"124",123,"I_i",0.000134105993663121,"partial26_simple_90"
"125",124,"I_i",0.000140199061829501,"partial26_simple_90"
"126",125,"I_i",0.00014640717074164,"partial26_simple_90"
"127",126,"I_i",0.000152720845359503,"partial26_simple_90"
"128",127,"I_i",0.000159129723825578,"partial26_simple_90"
"129",128,"I_i",0.000165622676756551,"partial26_simple_90"
"130",129,"I_i",0.000172187771904789,"partial26_simple_90"
"131",130,"I_i",0.000178812295326445,"partial26_simple_90"
"132",131,"I_i",0.000185482788569445,"partial26_simple_90"
"133",132,"I_i",0.000192185085980978,"partial26_simple_90"
"134",133,"I_i",0.000198904358850896,"partial26_simple_90"
"135",134,"I_i",0.000205625171029459,"partial26_simple_90"
"136",135,"I_i",0.000212331507892978,"partial26_simple_90"
"137",136,"I_i",0.000219006885419889,"partial26_simple_90"
"138",137,"I_i",0.000225634392557733,"partial26_simple_90"
"139",138,"I_i",0.000232196764666498,"partial26_simple_90"
"140",139,"I_i",0.000238676469019625,"partial26_simple_90"
"141",140,"I_i",0.000245055769721445,"partial26_simple_90"
"142",141,"I_i",0.000251316813087308,"partial26_simple_90"
"143",142,"I_i",0.000257441749954431,"partial26_simple_90"
"144",143,"I_i",0.000263412804649736,"partial26_simple_90"
"145",144,"I_i",0.000269212367541365,"partial26_simple_90"
"146",145,"I_i",0.000274823093366686,"partial26_simple_90"
"147",146,"I_i",0.000280227994442674,"partial26_simple_90"
"148",147,"I_i",0.000285410534300851,"partial26_simple_90"
"149",148,"I_i",0.000290354719841949,"partial26_simple_90"
"150",149,"I_i",0.000295045191045522,"partial26_simple_90"
"151",150,"I_i",0.000299467307588558,"partial26_simple_90"
"152",151,"I_i",0.000303607231566042,"partial26_simple_90"
"153",152,"I_i",0.000307452005580306,"partial26_simple_90"
"154",153,"I_i",0.00031098962551407,"partial26_simple_90"
"155",154,"I_i",0.000314209107352404,"partial26_simple_90"
"156",155,"I_i",0.000317100547482312,"partial26_simple_90"
"157",156,"I_i",0.000319655175968036,"partial26_simple_90"
"158",157,"I_i",0.000321865402375413,"partial26_simple_90"
"159",158,"I_i",0.000323724853761653,"partial26_simple_90"
"160",159,"I_i",0.000325228404725934,"partial26_simple_90"
"161",160,"I_i",0.000326372198613088,"partial26_simple_90"
"162",161,"I_i",0.00032715366282232,"partial26_simple_90"
"163",162,"I_i",0.000327571511626316,"partial26_simple_90"
"164",163,"I_i",0.000327625743221787,"partial26_simple_90"
"165",164,"I_i",0.000327317629428543,"partial26_simple_90"
"166",165,"I_i",0.000326649696095358,"partial26_simple_90"
"167",166,"I_i",0.000325625695896396,"partial26_simple_90"
"168",167,"I_i",0.000324250575222396,"partial26_simple_90"
"169",168,"I_i",0.000322530433684184,"partial26_simple_90"
"170",169,"I_i",0.0003204724766519,"partial26_simple_90"
"171",170,"I_i",0.000318084962629875,"partial26_simple_90"
"172",171,"I_i",0.000315377145461323,"partial26_simple_90"
"173",172,"I_i",0.00031235921196068,"partial26_simple_90"
"174",173,"I_i",0.000309042215502714,"partial26_simple_90"
"175",174,"I_i",0.0003054379995665,"partial26_simple_90"
"176",175,"I_i",0.000301559161356873,"partial26_simple_90"
"177",176,"I_i",0.000297418916903111,"partial26_simple_90"
"178",177,"I_i",0.000293031058172126,"partial26_simple_90"
"179",178,"I_i",0.000288409876724245,"partial26_simple_90"
"180",179,"I_i",0.00028357007281264,"partial26_simple_90"
"181",180,"I_i",0.000278526689286157,"partial26_simple_90"
"182",181,"I_i",0.000273295110240026,"partial26_simple_90"
"183",182,"I_i",0.000267890820414064,"partial26_simple_90"
"184",183,"I_i",0.00026232945225347,"partial26_simple_90"
"185",184,"I_i",0.000256626687515057,"partial26_simple_90"
"186",185,"I_i",0.000250798186616073,"partial26_simple_90"
"187",186,"I_i",0.000244859522745987,"partial26_simple_90"
"188",187,"I_i",0.00023882611989822,"partial26_simple_90"
"189",188,"I_i",0.000232713193817779,"partial26_simple_90"
"190",189,"I_i",0.000226535696555967,"partial26_simple_90"
"191",190,"I_i",0.000220308264811801,"partial26_simple_90"
"192",191,"I_i",0.000214045172289263,"partial26_simple_90"
"193",192,"I_i",0.000207760285613483,"partial26_simple_90"
"194",193,"I_i",0.000201467026427774,"partial26_simple_90"
"195",194,"I_i",0.000195178331740663,"partial26_simple_90"
"196",195,"I_i",0.000188906625924592,"partial26_simple_90"
"197",196,"I_i",0.000182663793448569,"partial26_simple_90"
"198",197,"I_i",0.000176461154086758,"partial26_simple_90"
"199",198,"I_i",0.000170309444058976,"partial26_simple_90"
"200",199,"I_i",0.000164218799937021,"partial26_simple_90"
"201",200,"I_i",0.000158198747079638,"partial26_simple_90"
"202",201,"I_i",0.000152258191412592,"partial26_simple_90"
"203",202,"I_i",0.000146405422760789,"partial26_simple_90"
"204",203,"I_i",0.000140648066813264,"partial26_simple_90"
"205",204,"I_i",0.000134993164045506,"partial26_simple_90"
"206",205,"I_i",0.000129447122686905,"partial26_simple_90"
"207",206,"I_i",0.0001240157439653,"partial26_simple_90"
"208",207,"I_i",0.000118704216545368,"partial26_simple_90"
"209",208,"I_i",0.000113517135076576,"partial26_simple_90"
"210",209,"I_i",0.000108458514124053,"partial26_simple_90"
"211",210,"I_i",0.000103531803757697,"partial26_simple_90"
"212",211,"I_i",9.87399067479396e-05,"partial26_simple_90"
"213",212,"I_i",9.40851972807217e-05,"partial26_simple_90"
"214",213,"I_i",8.95695409813939e-05,"partial26_simple_90"
"215",214,"I_i",8.51943094708967e-05,"partial26_simple_90"
"216",215,"I_i",8.09604381527563e-05,"partial26_simple_90"
"217",216,"I_i",7.68683986106975e-05,"partial26_simple_90"
"218",217,"I_i",7.29182167408851e-05,"partial26_simple_90"
"219",218,"I_i",6.91095527371134e-05,"partial26_simple_90"
"220",219,"I_i",6.54416999106946e-05,"partial26_simple_90"
"221",220,"I_i",6.19135821056546e-05,"partial26_simple_90"
"222",221,"I_i",5.85238240521528e-05,"partial26_simple_90"
"223",222,"I_i",5.52707460005497e-05,"partial26_simple_90"
"224",223,"I_i",5.21523943139541e-05,"partial26_simple_90"
"225",224,"I_i",4.91665765985725e-05,"partial26_simple_90"
"226",225,"I_i",4.63108618985632e-05,"partial26_simple_90"
"227",226,"I_i",4.35826019100958e-05,"partial26_simple_90"
"228",227,"I_i",4.09789834524663e-05,"partial26_simple_90"
"229",228,"I_i",3.84970345993962e-05,"partial26_simple_90"
"230",229,"I_i",3.61336344425826e-05,"partial26_simple_90"
"231",230,"I_i",3.38855528976894e-05,"partial26_simple_90"
"232",231,"I_i",3.17494571241792e-05,"partial26_simple_90"
"233",232,"I_i",2.97219329283792e-05,"partial26_simple_90"
"234",233,"I_i",2.77995041056675e-05,"partial26_simple_90"
"235",234,"I_i",2.59786435864473e-05,"partial26_simple_90"
"236",235,"I_i",2.4255789738022e-05,"partial26_simple_90"
"237",236,"I_i",2.26273689007103e-05,"partial26_simple_90"
"238",237,"I_i",2.10898035552399e-05,"partial26_simple_90"
"239",238,"I_i",1.96395243882291e-05,"partial26_simple_90"
"240",239,"I_i",1.82729835655677e-05,"partial26_simple_90"
"241",240,"I_i",1.6986665157208e-05,"partial26_simple_90"
"242",241,"I_i",1.57770950494537e-05,"partial26_simple_90"
"243",242,"I_i",1.4640849966248e-05,"partial26_simple_90"
"244",243,"I_i",1.35745656397382e-05,"partial26_simple_90"
"245",244,"I_i",1.25749437531736e-05,"partial26_simple_90"
"246",245,"I_i",1.16387591203049e-05,"partial26_simple_90"
"247",246,"I_i",1.07628646599074e-05,"partial26_simple_90"
"248",247,"I_i",9.94419624751157e-06,"partial26_simple_90"
"249",248,"I_i",9.17977712141029e-06,"partial26_simple_90"
"250",249,"I_i",8.46672119125145e-06,"partial26_simple_90"
"251",250,"I_i",7.80223589841637e-06,"partial26_simple_90"
"252",251,"I_i",7.18362430636232e-06,"partial26_simple_90"
"253",252,"I_i",6.60828664886621e-06,"partial26_simple_90"
"254",253,"I_i",6.07372006665221e-06,"partial26_simple_90"
"255",254,"I_i",5.57752643426045e-06,"partial26_simple_90"
"256",255,"I_i",5.11740019017515e-06,"partial26_simple_90"
"257",256,"I_i",4.69113606201368e-06,"partial26_simple_90"
"258",257,"I_i",4.29647657115972e-06,"partial26_simple_90"
"259",258,"I_i",3.93183549369303e-06,"partial26_simple_90"
"260",259,"I_i",3.5947432975364e-06,"partial26_simple_90"
"261",260,"I_i",3.28367177095276e-06,"partial26_simple_90"
"262",261,"I_i",2.99689163624325e-06,"partial26_simple_90"
"263",262,"I_i",2.73276225231579e-06,"partial26_simple_90"
"264",263,"I_i",2.48972953549221e-06,"partial26_simple_90"
"265",264,"I_i",2.26632401145425e-06,"partial26_simple_90"
"266",265,"I_i",2.06115823129178e-06,"partial26_simple_90"
"267",266,"I_i",1.87292404536032e-06,"partial26_simple_90"
"268",267,"I_i",1.70038980059786e-06,"partial26_simple_90"
"269",268,"I_i",1.54239747251152e-06,"partial26_simple_90"
"270",269,"I_i",1.39785975182988e-06,"partial26_simple_90"
"271",270,"I_i",1.26577697498351e-06,"partial26_simple_90"
"272",271,"I_i",1.14573071338187e-06,"partial26_simple_90"
"273",272,"I_i",1.03698920689667e-06,"partial26_simple_90"
"274",273,"I_i",9.38574386698232e-07,"partial26_simple_90"
"275",274,"I_i",8.4950476964334e-07,"partial26_simple_90"
"276",275,"I_i",7.68891877521515e-07,"partial26_simple_90"
"277",276,"I_i",6.95932288477146e-07,"partial26_simple_90"
"278",277,"I_i",6.29898971888996e-07,"partial26_simple_90"
"279",278,"I_i",5.70134012694444e-07,"partial26_simple_90"
"280",279,"I_i",5.16042036039349e-07,"partial26_simple_90"
"281",280,"I_i",4.67084256839758e-07,"partial26_simple_90"
"282",281,"I_i",4.227730961334e-07,"partial26_simple_90"
"283",282,"I_i",3.82667310184783e-07,"partial26_simple_90"
"284",283,"I_i",3.46367583435433e-07,"partial26_simple_90"
"285",284,"I_i",3.13512541067583e-07,"partial26_simple_90"
"286",285,"I_i",2.83775141174786e-07,"partial26_simple_90"
"287",286,"I_i",2.56859410353469e-07,"partial26_simple_90"
"288",287,"I_i",2.32497489984503e-07,"partial26_simple_90"
"289",288,"I_i",2.10446963598274e-07,"partial26_simple_90"
"290",289,"I_i",1.90488438542395e-07,"partial26_simple_90"
"291",290,"I_i",1.72423357726624e-07,"partial26_simple_90"
"292",291,"I_i",1.56072019530712e-07,"partial26_simple_90"
"293",292,"I_i",1.41271786051131e-07,"partial26_simple_90"
"294",293,"I_i",1.27875461753214e-07,"partial26_simple_90"
"295",294,"I_i",1.15749826305118e-07,"partial26_simple_90"
"296",295,"I_i",1.0477430691666e-07,"partial26_simple_90"
"297",296,"I_i",9.48397769050202e-08,"partial26_simple_90"
"298",297,"I_i",8.58474684746456e-08,"partial26_simple_90"
"299",298,"I_i",7.77079888433437e-08,"partial26_simple_90"
"300",299,"I_i",7.03404298818816e-08,"partial26_simple_90"
"301",300,"I_i",6.3671562371028e-08,"partial26_simple_90"
"302",301,"I_i",5.76351068272129e-08,"partial26_simple_90"
"303",302,"I_i",5.21710736144244e-08,"partial26_simple_90"
"304",303,"I_i",4.72251657533248e-08,"partial26_simple_90"
"305",304,"I_i",4.27409066744958e-08,"partial26_simple_90"
"306",305,"I_i",3.86799657459371e-08,"partial26_simple_90"
"307",306,"I_i",3.50032277025363e-08,"partial26_simple_90"
"308",307,"I_i",3.18352400319266e-08,"partial26_simple_90"
"309",308,"I_i",2.89540213957286e-08,"partial26_simple_90"
"310",309,"I_i",2.63336077017395e-08,"partial26_simple_90"
"311",310,"I_i",2.39503862744799e-08,"partial26_simple_90"
"312",311,"I_i",2.17828828300098e-08,"partial26_simple_90"
"313",312,"I_i",1.98115677576969e-08,"partial26_simple_90"
"314",313,"I_i",1.80186799581923e-08,"partial26_simple_90"
"315",314,"I_i",1.63880666457255e-08,"partial26_simple_90"
"316",315,"I_i",1.4905037667266e-08,"partial26_simple_90"
"317",316,"I_i",1.3556233022419e-08,"partial26_simple_90"
"318",317,"I_i",1.23295023873172e-08,"partial26_simple_90"
"319",318,"I_i",1.12137955543269e-08,"partial26_simple_90"
"320",319,"I_i",1.01990627980917e-08,"partial26_simple_90"
"321",320,"I_i",9.27616426817559e-09,"partial26_simple_90"
"322",321,"I_i",8.43678759016972e-09,"partial26_simple_90"
"323",322,"I_i",7.67337293131622e-09,"partial26_simple_90"
"324",323,"I_i",6.97904485416434e-09,"partial26_simple_90"
"325",324,"I_i",6.34755034311235e-09,"partial26_simple_90"
"326",325,"I_i",5.77320244446239e-09,"partial26_simple_90"
"327",326,"I_i",5.25082901132883e-09,"partial26_simple_90"
"328",327,"I_i",4.77572609024025e-09,"partial26_simple_90"
"329",328,"I_i",4.3436155319525e-09,"partial26_simple_90"
"330",329,"I_i",3.95060643762283e-09,"partial26_simple_90"
"331",330,"I_i",3.59316009889237e-09,"partial26_simple_90"
"332",331,"I_i",3.26805811251525e-09,"partial26_simple_90"
"333",332,"I_i",2.97237338239284e-09,"partial26_simple_90"
"334",333,"I_i",2.70344374750287e-09,"partial26_simple_90"
"335",334,"I_i",2.45884799786394e-09,"partial26_simple_90"
"336",335,"I_i",2.23638406223024e-09,"partial26_simple_90"
"337",336,"I_i",2.03404917081121e-09,"partial26_simple_90"
"338",337,"I_i",1.85002181413405e-09,"partial26_simple_90"
"339",338,"I_i",1.68264533537445e-09,"partial26_simple_90"
"340",339,"I_i",1.53041300821936e-09,"partial26_simple_90"
"341",340,"I_i",1.39195446572794e-09,"partial26_simple_90"
"342",341,"I_i",1.2660233578448e-09,"partial26_simple_90"
"343",342,"I_i",1.15148612630263e-09,"partial26_simple_90"
"344",343,"I_i",1.04731179573014e-09,"partial26_simple_90"
"345",344,"I_i",9.52562688946783e-10,"partial26_simple_90"
"346",345,"I_i",8.66385982760329e-10,"partial26_simple_90"
"347",346,"I_i",7.88006028163307e-10,"partial26_simple_90"
"348",347,"I_i",7.1671736570016e-10,"partial26_simple_90"
"349",348,"I_i",6.51878373148638e-10,"partial26_simple_90"
"350",349,"I_i",5.92905488096443e-10,"partial26_simple_90"
"351",350,"I_i",5.39267953532575e-10,"partial26_simple_90"
"352",351,"I_i",4.90483039022942e-10,"partial26_simple_90"
"353",352,"I_i",4.46111694427324e-10,"partial26_simple_90"
"354",353,"I_i",4.05754597001328e-10,"partial26_simple_90"
"355",354,"I_i",3.6904855627127e-10,"partial26_simple_90"
"356",355,"I_i",3.35663244294513e-10,"partial26_simple_90"
"357",356,"I_i",3.05298221850346e-10,"partial26_simple_90"
"358",357,"I_i",2.77680233773406e-10,"partial26_simple_90"
"359",358,"I_i",2.52560749067064e-10,"partial26_simple_90"
"360",359,"I_i",2.29713723639912e-10,"partial26_simple_90"
"361",360,"I_i",2.08933565514508e-10,"partial26_simple_90"
"362",361,"I_i",1.90033284181825e-10,"partial26_simple_90"
"363",362,"I_i",1.72842807434009e-10,"partial26_simple_90"
"364",363,"I_i",1.57207450516909e-10,"partial26_simple_90"
"365",364,"I_i",1.4298652381611e-10,"partial26_simple_90"
"366",365,"I_i",1.30052066538197e-10,"partial26_simple_90"
"367",0,"vac_total_i",0,"partial26_simple_90"
"368",1,"vac_total_i",0.00333333333333333,"partial26_simple_90"
"369",2,"vac_total_i",0.00666666666666667,"partial26_simple_90"
"370",3,"vac_total_i",0.01,"partial26_simple_90"
"371",4,"vac_total_i",0.0133333333333333,"partial26_simple_90"
"372",5,"vac_total_i",0.0166666666666667,"partial26_simple_90"
"373",6,"vac_total_i",0.02,"partial26_simple_90"
"374",7,"vac_total_i",0.0233333333333333,"partial26_simple_90"
"375",8,"vac_total_i",0.0266666666666667,"partial26_simple_90"
"376",9,"vac_total_i",0.03,"partial26_simple_90"
"377",10,"vac_total_i",0.0333333333333333,"partial26_simple_90"
"378",11,"vac_total_i",0.0366666666666667,"partial26_simple_90"
"379",12,"vac_total_i",0.04,"partial26_simple_90"
"380",13,"vac_total_i",0.0433333333333333,"partial26_simple_90"
"381",14,"vac_total_i",0.0466666666666667,"partial26_simple_90"
"382",15,"vac_total_i",0.05,"partial26_simple_90"
"383",16,"vac_total_i",0.0533333333333333,"partial26_simple_90"
"384",17,"vac_total_i",0.0566666666666667,"partial26_simple_90"
"385",18,"vac_total_i",0.06,"partial26_simple_90"
"386",19,"vac_total_i",0.0633333333333333,"partial26_simple_90"
"387",20,"vac_total_i",0.0666666666666667,"partial26_simple_90"
"388",21,"vac_total_i",0.07,"partial26_simple_90"
"389",22,"vac_total_i",0.0733333333333333,"partial26_simple_90"
"390",23,"vac_total_i",0.0766666666666667,"partial26_simple_90"
"391",24,"vac_total_i",0.08,"partial26_simple_90"
"392",25,"vac_total_i",0.0833333333333333,"partial26_simple_90"
"393",26,"vac_total_i",0.0866666666666667,"partial26_simple_90"
"394",27,"vac_total_i",0.09,"partial26_simple_90"
"395",28,"vac_total_i",0.0933333333333333,"partial26_simple_90"
"396",29,"vac_total_i",0.0966666666666667,"partial26_simple_90"
"397",30,"vac_total_i",0.1,"partial26_simple_90"
"398",31,"vac_total_i",0.103333333333333,"partial26_simple_90"
"399",32,"vac_total_i",0.106666666666667,"partial26_simple_90"
"400",33,"vac_total_i",0.11,"partial26_simple_90"
"401",34,"vac_total_i",0.113333333333333,"partial26_simple_90"
"402",35,"vac_total_i",0.116666666666667,"partial26_simple_90"
"403",36,"vac_total_i",0.12,"partial26_simple_90"
"404",37,"vac_total_i",0.123333333333333,"partial26_simple_90"
"405",38,"vac_total_i",0.126666666666667,"partial26_simple_90"
"406",39,"vac_total_i",0.13,"partial26_simple_90"
"407",40,"vac_total_i",0.133333333333333,"partial26_simple_90"
"408",41,"vac_total_i",0.136666666666667,"partial26_simple_90"
"409",42,"vac_total_i",0.14,"partial26_simple_90"
"410",43,"vac_total_i",0.143333333333333,"partial26_simple_90"
"411",44,"vac_total_i",0.146666666666667,"partial26_simple_90"
"412",45,"vac_total_i",0.15,"partial26_simple_90"
"413",46,"vac_total_i",0.153333333333333,"partial26_simple_90"
"414",47,"vac_total_i",0.156666666666667,"partial26_simple_90"
"415",48,"vac_total_i",0.16,"partial26_simple_90"
"416",49,"vac_total_i",0.163333333333333,"partial26_simple_90"
"417",50,"vac_total_i",0.166666666666667,"partial26_simple_90"
"418",51,"vac_total_i",0.17,"partial26_simple_90"
"419",52,"vac_total_i",0.173333333333333,"partial26_simple_90"
"420",53,"vac_total_i",0.176666666666667,"partial26_simple_90"
"421",54,"vac_total_i",0.18,"partial26_simple_90"
"422",55,"vac_total_i",0.183333333333333,"partial26_simple_90"
"423",56,"vac_total_i",0.186666666666667,"partial26_simple_90"
"424",57,"vac_total_i",0.19,"partial26_simple_90"
"425",58,"vac_total_i",0.193333333333333,"partial26_simple_90"
"426",59,"vac_total_i",0.196666666666667,"partial26_simple_90"
"427",60,"vac_total_i",0.2,"partial26_simple_90"
"428",61,"vac_total_i",0.203333333333333,"partial26_simple_90"
"429",62,"vac_total_i",0.206666666666667,"partial26_simple_90"
"430",63,"vac_total_i",0.21,"partial26_simple_90"
"431",64,"vac_total_i",0.213333333333333,"partial26_simple_90"
"432",65,"vac_total_i",0.216666666666667,"partial26_simple_90"
"433",66,"vac_total_i",0.22,"partial26_simple_90"
"434",67,"vac_total_i",0.223333333333333,"partial26_simple_90"
"435",68,"vac_total_i",0.226666666666667,"partial26_simple_90"
"436",69,"vac_total_i",0.23,"partial26_simple_90"
"437",70,"vac_total_i",0.233333333333333,"partial26_simple_90"
"438",71,"vac_total_i",0.236666666666667,"partial26_simple_90"
"439",72,"vac_total_i",0.24,"partial26_simple_90"
"440",73,"vac_total_i",0.243333333333333,"partial26_simple_90"
"441",74,"vac_total_i",0.246666666666667,"partial26_simple_90"
"442",75,"vac_total_i",0.25,"partial26_simple_90"
"443",76,"vac_total_i",0.253333333333333,"partial26_simple_90"
"444",77,"vac_total_i",0.256666666666667,"partial26_simple_90"
"445",78,"vac_total_i",0.26,"partial26_simple_90"
"446",79,"vac_total_i",0.263333333333333,"partial26_simple_90"
"447",80,"vac_total_i",0.266666666666667,"partial26_simple_90"
"448",81,"vac_total_i",0.27,"partial26_simple_90"
"449",82,"vac_total_i",0.273333333333333,"partial26_simple_90"
"450",83,"vac_total_i",0.276666666666667,"partial26_simple_90"
"451",84,"vac_total_i",0.28,"partial26_simple_90"
"452",85,"vac_total_i",0.283333333333333,"partial26_simple_90"
"453",86,"vac_total_i",0.286666666666667,"partial26_simple_90"
"454",87,"vac_total_i",0.29,"partial26_simple_90"
"455",88,"vac_total_i",0.293333333333333,"partial26_simple_90"
"456",89,"vac_total_i",0.296666666666667,"partial26_simple_90"
"457",90,"vac_total_i",0.299999953546512,"partial26_simple_90"
"458",91,"vac_total_i",0.300000303754161,"partial26_simple_90"
"459",92,"vac_total_i",0.300000303754161,"partial26_simple_90"
"460",93,"vac_total_i",0.30000030375416,"partial26_simple_90"
"461",94,"vac_total_i",0.300000303754161,"partial26_simple_90"
"462",95,"vac_total_i",0.300000303754161,"partial26_simple_90"
"463",96,"vac_total_i",0.30000030375416,"partial26_simple_90"
"464",97,"vac_total_i",0.300000303754161,"partial26_simple_90"
"465",98,"vac_total_i",0.30000030375416,"partial26_simple_90"
"466",99,"vac_total_i",0.30000030375416,"partial26_simple_90"
"467",100,"vac_total_i",0.30000030375416,"partial26_simple_90"
"468",101,"vac_total_i",0.30000030375416,"partial26_simple_90"
"469",102,"vac_total_i",0.30000030375416,"partial26_simple_90"
"470",103,"vac_total_i",0.30000030375416,"partial26_simple_90"
"471",104,"vac_total_i",0.30000030375416,"partial26_simple_90"
"472",105,"vac_total_i",0.30000030375416,"partial26_simple_90"
"473",106,"vac_total_i",0.300000303754161,"partial26_simple_90"
"474",107,"vac_total_i",0.300000303754161,"partial26_simple_90"
"475",108,"vac_total_i",0.300000303754161,"partial26_simple_90"
"476",109,"vac_total_i",0.300000303754161,"partial26_simple_90"
"477",110,"vac_total_i",0.300000303754161,"partial26_simple_90"
"478",111,"vac_total_i",0.30000030375416,"partial26_simple_90"
"479",112,"vac_total_i",0.30000030375416,"partial26_simple_90"
"480",113,"vac_total_i",0.300000303754161,"partial26_simple_90"
"481",114,"vac_total_i",0.300000303754161,"partial26_simple_90"
"482",115,"vac_total_i",0.300000303754161,"partial26_simple_90"
"483",116,"vac_total_i",0.300000303754161,"partial26_simple_90"
"484",117,"vac_total_i",0.30000030375416,"partial26_simple_90"
"485",118,"vac_total_i",0.30000030375416,"partial26_simple_90"
"486",119,"vac_total_i",0.300000303754161,"partial26_simple_90"
"487",120,"vac_total_i",0.300000303754161,"partial26_simple_90"
"488",121,"vac_total_i",0.300000303754161,"partial26_simple_90"
"489",122,"vac_total_i",0.300000303754161,"partial26_simple_90"
"490",123,"vac_total_i",0.300000303754161,"partial26_simple_90"
"491",124,"vac_total_i",0.300000303754161,"partial26_simple_90"
"492",125,"vac_total_i",0.30000030375416,"partial26_simple_90"
"493",126,"vac_total_i",0.300000303754161,"partial26_simple_90"
"494",127,"vac_total_i",0.30000030375416,"partial26_simple_90"
"495",128,"vac_total_i",0.30000030375416,"partial26_simple_90"
"496",129,"vac_total_i",0.30000030375416,"partial26_simple_90"
"497",130,"vac_total_i",0.30000030375416,"partial26_simple_90"
"498",131,"vac_total_i",0.30000030375416,"partial26_simple_90"
"499",132,"vac_total_i",0.30000030375416,"partial26_simple_90"
"500",133,"vac_total_i",0.30000030375416,"partial26_simple_90"
"501",134,"vac_total_i",0.30000030375416,"partial26_simple_90"
"502",135,"vac_total_i",0.30000030375416,"partial26_simple_90"
"503",136,"vac_total_i",0.300000303754161,"partial26_simple_90"
"504",137,"vac_total_i",0.30000030375416,"partial26_simple_90"
"505",138,"vac_total_i",0.30000030375416,"partial26_simple_90"
"506",139,"vac_total_i",0.30000030375416,"partial26_simple_90"
"507",140,"vac_total_i",0.30000030375416,"partial26_simple_90"
"508",141,"vac_total_i",0.30000030375416,"partial26_simple_90"
"509",142,"vac_total_i",0.30000030375416,"partial26_simple_90"
"510",143,"vac_total_i",0.30000030375416,"partial26_simple_90"
"511",144,"vac_total_i",0.300000303754161,"partial26_simple_90"
"512",145,"vac_total_i",0.30000030375416,"partial26_simple_90"
"513",146,"vac_total_i",0.300000303754161,"partial26_simple_90"
"514",147,"vac_total_i",0.300000303754161,"partial26_simple_90"
"515",148,"vac_total_i",0.300000303754161,"partial26_simple_90"
"516",149,"vac_total_i",0.300000303754161,"partial26_simple_90"
"517",150,"vac_total_i",0.300000303754161,"partial26_simple_90"
"518",151,"vac_total_i",0.300000303754161,"partial26_simple_90"
"519",152,"vac_total_i",0.300000303754161,"partial26_simple_90"
"520",153,"vac_total_i",0.300000303754161,"partial26_simple_90"
"521",154,"vac_total_i",0.300000303754161,"partial26_simple_90"
"522",155,"vac_total_i",0.300000303754161,"partial26_simple_90"
"523",156,"vac_total_i",0.300000303754161,"partial26_simple_90"
"524",157,"vac_total_i",0.300000303754161,"partial26_simple_90"
"525",158,"vac_total_i",0.300000303754161,"partial26_simple_90"
"526",159,"vac_total_i",0.300000303754161,"partial26_simple_90"
"527",160,"vac_total_i",0.300000303754161,"partial26_simple_90"
"528",161,"vac_total_i",0.300000303754161,"partial26_simple_90"
"529",162,"vac_total_i",0.300000303754161,"partial26_simple_90"
"530",163,"vac_total_i",0.300000303754161,"partial26_simple_90"
"531",164,"vac_total_i",0.300000303754161,"partial26_simple_90"
"532",165,"vac_total_i",0.300000303754161,"partial26_simple_90"
"533",166,"vac_total_i",0.300000303754161,"partial26_simple_90"
"534",167,"vac_total_i",0.300000303754161,"partial26_simple_90"
"535",168,"vac_total_i",0.300000303754161,"partial26_simple_90"
"536",169,"vac_total_i",0.300000303754161,"partial26_simple_90"
"537",170,"vac_total_i",0.300000303754161,"partial26_simple_90"
"538",171,"vac_total_i",0.300000303754161,"partial26_simple_90"
"539",172,"vac_total_i",0.300000303754161,"partial26_simple_90"
"540",173,"vac_total_i",0.300000303754161,"partial26_simple_90"
"541",174,"vac_total_i",0.300000303754161,"partial26_simple_90"
"542",175,"vac_total_i",0.300000303754161,"partial26_simple_90"
"543",176,"vac_total_i",0.300000303754161,"partial26_simple_90"
"544",177,"vac_total_i",0.300000303754161,"partial26_simple_90"
"545",178,"vac_total_i",0.300000303754161,"partial26_simple_90"
"546",179,"vac_total_i",0.300000303754161,"partial26_simple_90"
"547",180,"vac_total_i",0.300000303754161,"partial26_simple_90"
"548",181,"vac_total_i",0.300000303754161,"partial26_simple_90"
"549",182,"vac_total_i",0.300000303754161,"partial26_simple_90"
"550",183,"vac_total_i",0.300000303754161,"partial26_simple_90"
"551",184,"vac_total_i",0.300000303754161,"partial26_simple_90"
"552",185,"vac_total_i",0.300000303754161,"partial26_simple_90"
"553",186,"vac_total_i",0.300000303754161,"partial26_simple_90"
"554",187,"vac_total_i",0.300000303754161,"partial26_simple_90"
"555",188,"vac_total_i",0.300000303754161,"partial26_simple_90"
"556",189,"vac_total_i",0.300000303754161,"partial26_simple_90"
"557",190,"vac_total_i",0.300000303754161,"partial26_simple_90"
"558",191,"vac_total_i",0.300000303754161,"partial26_simple_90"
"559",192,"vac_total_i",0.300000303754161,"partial26_simple_90"
"560",193,"vac_total_i",0.300000303754161,"partial26_simple_90"
"561",194,"vac_total_i",0.300000303754161,"partial26_simple_90"
"562",195,"vac_total_i",0.300000303754161,"partial26_simple_90"
"563",196,"vac_total_i",0.300000303754161,"partial26_simple_90"
"564",197,"vac_total_i",0.300000303754161,"partial26_simple_90"
"565",198,"vac_total_i",0.300000303754161,"partial26_simple_90"
"566",199,"vac_total_i",0.300000303754161,"partial26_simple_90"
"567",200,"vac_total_i",0.300000303754161,"partial26_simple_90"
"568",201,"vac_total_i",0.300000303754161,"partial26_simple_90"
"569",202,"vac_total_i",0.300000303754161,"partial26_simple_90"
"570",203,"vac_total_i",0.300000303754161,"partial26_simple_90"
"571",204,"vac_total_i",0.300000303754161,"partial26_simple_90"
"572",205,"vac_total_i",0.300000303754161,"partial26_simple_90"
"573",206,"vac_total_i",0.300000303754161,"partial26_simple_90"
"574",207,"vac_total_i",0.300000303754161,"partial26_simple_90"
"575",208,"vac_total_i",0.300000303754161,"partial26_simple_90"
"576",209,"vac_total_i",0.300000303754161,"partial26_simple_90"
"577",210,"vac_total_i",0.300000303754161,"partial26_simple_90"
"578",211,"vac_total_i",0.300000303754161,"partial26_simple_90"
"579",212,"vac_total_i",0.300000303754161,"partial26_simple_90"
"580",213,"vac_total_i",0.300000303754161,"partial26_simple_90"
"581",214,"vac_total_i",0.300000303754161,"partial26_simple_90"
"582",215,"vac_total_i",0.300000303754161,"partial26_simple_90"
"583",216,"vac_total_i",0.300000303754161,"partial26_simple_90"
"584",217,"vac_total_i",0.300000303754161,"partial26_simple_90"
"585",218,"vac_total_i",0.300000303754161,"partial26_simple_90"
"586",219,"vac_total_i",0.300000303754161,"partial26_simple_90"
"587",220,"vac_total_i",0.300000303754161,"partial26_simple_90"
"588",221,"vac_total_i",0.300000303754161,"partial26_simple_90"
"589",222,"vac_total_i",0.300000303754161,"partial26_simple_90"
"590",223,"vac_total_i",0.300000303754161,"partial26_simple_90"
"591",224,"vac_total_i",0.300000303754161,"partial26_simple_90"
"592",225,"vac_total_i",0.300000303754161,"partial26_simple_90"
"593",226,"vac_total_i",0.300000303754161,"partial26_simple_90"
"594",227,"vac_total_i",0.300000303754161,"partial26_simple_90"
"595",228,"vac_total_i",0.300000303754161,"partial26_simple_90"
"596",229,"vac_total_i",0.300000303754161,"partial26_simple_90"
"597",230,"vac_total_i",0.300000303754161,"partial26_simple_90"
"598",231,"vac_total_i",0.300000303754161,"partial26_simple_90"
"599",232,"vac_total_i",0.300000303754161,"partial26_simple_90"
"600",233,"vac_total_i",0.300000303754161,"partial26_simple_90"
"601",234,"vac_total_i",0.300000303754161,"partial26_simple_90"
"602",235,"vac_total_i",0.300000303754161,"partial26_simple_90"
"603",236,"vac_total_i",0.300000303754161,"partial26_simple_90"
"604",237,"vac_total_i",0.300000303754161,"partial26_simple_90"
"605",238,"vac_total_i",0.300000303754161,"partial26_simple_90"
"606",239,"vac_total_i",0.300000303754161,"partial26_simple_90"
"607",240,"vac_total_i",0.300000303754161,"partial26_simple_90"
"608",241,"vac_total_i",0.300000303754161,"partial26_simple_90"
"609",242,"vac_total_i",0.300000303754161,"partial26_simple_90"
"610",243,"vac_total_i",0.300000303754161,"partial26_simple_90"
"611",244,"vac_total_i",0.300000303754161,"partial26_simple_90"
"612",245,"vac_total_i",0.300000303754161,"partial26_simple_90"
"613",246,"vac_total_i",0.300000303754161,"partial26_simple_90"
"614",247,"vac_total_i",0.300000303754161,"partial26_simple_90"
"615",248,"vac_total_i",0.300000303754161,"partial26_simple_90"
"616",249,"vac_total_i",0.300000303754161,"partial26_simple_90"
"617",250,"vac_total_i",0.300000303754161,"partial26_simple_90"
"618",251,"vac_total_i",0.300000303754161,"partial26_simple_90"
"619",252,"vac_total_i",0.300000303754161,"partial26_simple_90"
"620",253,"vac_total_i",0.300000303754161,"partial26_simple_90"
"621",254,"vac_total_i",0.300000303754161,"partial26_simple_90"
"622",255,"vac_total_i",0.300000303754161,"partial26_simple_90"
"623",256,"vac_total_i",0.300000303754161,"partial26_simple_90"
"624",257,"vac_total_i",0.300000303754161,"partial26_simple_90"
"625",258,"vac_total_i",0.300000303754161,"partial26_simple_90"
"626",259,"vac_total_i",0.300000303754161,"partial26_simple_90"
"627",260,"vac_total_i",0.300000303754161,"partial26_simple_90"
"628",261,"vac_total_i",0.300000303754161,"partial26_simple_90"
"629",262,"vac_total_i",0.300000303754161,"partial26_simple_90"
"630",263,"vac_total_i",0.300000303754161,"partial26_simple_90"
"631",264,"vac_total_i",0.300000303754161,"partial26_simple_90"
"632",265,"vac_total_i",0.300000303754161,"partial26_simple_90"
"633",266,"vac_total_i",0.300000303754161,"partial26_simple_90"
"634",267,"vac_total_i",0.300000303754161,"partial26_simple_90"
"635",268,"vac_total_i",0.300000303754161,"partial26_simple_90"
"636",269,"vac_total_i",0.300000303754161,"partial26_simple_90"
"637",270,"vac_total_i",0.300000303754161,"partial26_simple_90"
"638",271,"vac_total_i",0.300000303754161,"partial26_simple_90"
"639",272,"vac_total_i",0.300000303754161,"partial26_simple_90"
"640",273,"vac_total_i",0.300000303754161,"partial26_simple_90"
"641",274,"vac_total_i",0.300000303754161,"partial26_simple_90"
"642",275,"vac_total_i",0.300000303754161,"partial26_simple_90"
"643",276,"vac_total_i",0.300000303754161,"partial26_simple_90"
"644",277,"vac_total_i",0.300000303754161,"partial26_simple_90"
"645",278,"vac_total_i",0.300000303754161,"partial26_simple_90"
"646",279,"vac_total_i",0.300000303754161,"partial26_simple_90"
"647",280,"vac_total_i",0.300000303754161,"partial26_simple_90"
"648",281,"vac_total_i",0.300000303754161,"partial26_simple_90"
"649",282,"vac_total_i",0.300000303754161,"partial26_simple_90"
"650",283,"vac_total_i",0.300000303754161,"partial26_simple_90"
"651",284,"vac_total_i",0.300000303754161,"partial26_simple_90"
"652",285,"vac_total_i",0.300000303754161,"partial26_simple_90"
"653",286,"vac_total_i",0.300000303754161,"partial26_simple_90"
"654",287,"vac_total_i",0.300000303754161,"partial26_simple_90"
"655",288,"vac_total_i",0.300000303754161,"partial26_simple_90"
"656",289,"vac_total_i",0.300000303754161,"partial26_simple_90"
"657",290,"vac_total_i",0.300000303754161,"partial26_simple_90"
"658",291,"vac_total_i",0.300000303754161,"partial26_simple_90"
"659",292,"vac_total_i",0.300000303754161,"partial26_simple_90"
"660",293,"vac_total_i",0.300000303754161,"partial26_simple_90"
"661",294,"vac_total_i",0.300000303754161,"partial26_simple_90"
"662",295,"vac_total_i",0.300000303754161,"partial26_simple_90"
"663",296,"vac_total_i",0.300000303754161,"partial26_simple_90"
"664",297,"vac_total_i",0.300000303754161,"partial26_simple_90"
"665",298,"vac_total_i",0.300000303754161,"partial26_simple_90"
"666",299,"vac_total_i",0.300000303754161,"partial26_simple_90"
"667",300,"vac_total_i",0.300000303754161,"partial26_simple_90"
"668",301,"vac_total_i",0.300000303754161,"partial26_simple_90"
"669",302,"vac_total_i",0.300000303754161,"partial26_simple_90"
"670",303,"vac_total_i",0.300000303754161,"partial26_simple_90"
"671",304,"vac_total_i",0.300000303754161,"partial26_simple_90"
"672",305,"vac_total_i",0.300000303754161,"partial26_simple_90"
"673",306,"vac_total_i",0.300000303754161,"partial26_simple_90"
"674",307,"vac_total_i",0.300000303754161,"partial26_simple_90"
"675",308,"vac_total_i",0.300000303754161,"partial26_simple_90"
"676",309,"vac_total_i",0.300000303754161,"partial26_simple_90"
"677",310,"vac_total_i",0.300000303754161,"partial26_simple_90"
"678",311,"vac_total_i",0.300000303754161,"partial26_simple_90"
"679",312,"vac_total_i",0.300000303754161,"partial26_simple_90"
"680",313,"vac_total_i",0.300000303754161,"partial26_simple_90"
"681",314,"vac_total_i",0.300000303754161,"partial26_simple_90"
"682",315,"vac_total_i",0.300000303754161,"partial26_simple_90"
"683",316,"vac_total_i",0.300000303754161,"partial26_simple_90"
"684",317,"vac_total_i",0.300000303754161,"partial26_simple_90"
"685",318,"vac_total_i",0.300000303754161,"partial26_simple_90"
"686",319,"vac_total_i",0.300000303754161,"partial26_simple_90"
"687",320,"vac_total_i",0.300000303754161,"partial26_simple_90"
"688",321,"vac_total_i",0.300000303754161,"partial26_simple_90"
"689",322,"vac_total_i",0.300000303754161,"partial26_simple_90"
"690",323,"vac_total_i",0.300000303754161,"partial26_simple_90"
"691",324,"vac_total_i",0.300000303754161,"partial26_simple_90"
"692",325,"vac_total_i",0.300000303754161,"partial26_simple_90"
"693",326,"vac_total_i",0.300000303754161,"partial26_simple_90"
"694",327,"vac_total_i",0.300000303754161,"partial26_simple_90"
"695",328,"vac_total_i",0.300000303754161,"partial26_simple_90"
"696",329,"vac_total_i",0.300000303754161,"partial26_simple_90"
"697",330,"vac_total_i",0.300000303754161,"partial26_simple_90"
"698",331,"vac_total_i",0.300000303754161,"partial26_simple_90"
"699",332,"vac_total_i",0.300000303754161,"partial26_simple_90"
"700",333,"vac_total_i",0.300000303754161,"partial26_simple_90"
"701",334,"vac_total_i",0.300000303754161,"partial26_simple_90"
"702",335,"vac_total_i",0.300000303754161,"partial26_simple_90"
"703",336,"vac_total_i",0.300000303754161,"partial26_simple_90"
"704",337,"vac_total_i",0.300000303754161,"partial26_simple_90"
"705",338,"vac_total_i",0.300000303754161,"partial26_simple_90"
"706",339,"vac_total_i",0.300000303754161,"partial26_simple_90"
"707",340,"vac_total_i",0.300000303754161,"partial26_simple_90"
"708",341,"vac_total_i",0.300000303754161,"partial26_simple_90"
"709",342,"vac_total_i",0.300000303754161,"partial26_simple_90"
"710",343,"vac_total_i",0.300000303754161,"partial26_simple_90"
"711",344,"vac_total_i",0.300000303754161,"partial26_simple_90"
"712",345,"vac_total_i",0.300000303754161,"partial26_simple_90"
"713",346,"vac_total_i",0.300000303754161,"partial26_simple_90"
"714",347,"vac_total_i",0.300000303754161,"partial26_simple_90"
"715",348,"vac_total_i",0.300000303754161,"partial26_simple_90"
"716",349,"vac_total_i",0.300000303754161,"partial26_simple_90"
"717",350,"vac_total_i",0.300000303754161,"partial26_simple_90"
"718",351,"vac_total_i",0.300000303754161,"partial26_simple_90"
"719",352,"vac_total_i",0.300000303754161,"partial26_simple_90"
"720",353,"vac_total_i",0.300000303754161,"partial26_simple_90"
"721",354,"vac_total_i",0.300000303754161,"partial26_simple_90"
"722",355,"vac_total_i",0.300000303754161,"partial26_simple_90"
"723",356,"vac_total_i",0.300000303754161,"partial26_simple_90"
"724",357,"vac_total_i",0.300000303754161,"partial26_simple_90"
"725",358,"vac_total_i",0.300000303754161,"partial26_simple_90"
"726",359,"vac_total_i",0.300000303754161,"partial26_simple_90"
"727",360,"vac_total_i",0.300000303754161,"partial26_simple_90"
"728",361,"vac_total_i",0.300000303754161,"partial26_simple_90"
"729",362,"vac_total_i",0.300000303754161,"partial26_simple_90"
"730",363,"vac_total_i",0.300000303754161,"partial26_simple_90"
"731",364,"vac_total_i",0.300000303754161,"partial26_simple_90"
"732",365,"vac_total_i",0.300000303754161,"partial26_simple_90"
"733",0,"Vi_i",0,"partial26_simple_90"
"734",1,"Vi_i",1.43909174777413e-07,"partial26_simple_90"
"735",2,"Vi_i",5.53977581389564e-07,"partial26_simple_90"
"736",3,"Vi_i",1.1893362397863e-06,"partial26_simple_90"
"737",4,"Vi_i",2.01798730591355e-06,"partial26_simple_90"
"738",5,"Vi_i",3.00134824386852e-06,"partial26_simple_90"
"739",6,"Vi_i",4.11316919237582e-06,"partial26_simple_90"
"740",7,"Vi_i",5.32861499629156e-06,"partial26_simple_90"
"741",8,"Vi_i",6.62559375048442e-06,"partial26_simple_90"
"742",9,"Vi_i",7.98463745793458e-06,"partial26_simple_90"
"743",10,"Vi_i",9.38854568367079e-06,"partial26_simple_90"
"744",11,"Vi_i",1.08221387707239e-05,"partial26_simple_90"
"745",12,"Vi_i",1.22719333052206e-05,"partial26_simple_90"
"746",13,"Vi_i",1.37263124615686e-05,"partial26_simple_90"
"747",14,"Vi_i",1.51749131804068e-05,"partial26_simple_90"
"748",15,"Vi_i",1.66086542382487e-05,"partial26_simple_90"
"749",16,"Vi_i",1.80196265933156e-05,"partial26_simple_90"
"750",17,"Vi_i",1.94009438608036e-05,"partial26_simple_90"
"751",18,"Vi_i",2.07466413014874e-05,"partial26_simple_90"
"752",19,"Vi_i",2.20515820513635e-05,"partial26_simple_90"
"753",20,"Vi_i",2.3311373147938e-05,"partial26_simple_90"
"754",21,"Vi_i",2.45222912566354e-05,"partial26_simple_90"
"755",22,"Vi_i",2.56812182811883e-05,"partial26_simple_90"
"756",23,"Vi_i",2.67855758656624e-05,"partial26_simple_90"
"757",24,"Vi_i",2.78332776866583e-05,"partial26_simple_90"
"758",25,"Vi_i",2.88226825738785e-05,"partial26_simple_90"
"759",26,"Vi_i",2.97525486356778e-05,"partial26_simple_90"
"760",27,"Vi_i",3.06219956549237e-05,"partial26_simple_90"
"761",28,"Vi_i",3.1430470057822e-05,"partial26_simple_90"
"762",29,"Vi_i",3.21777132545679e-05,"partial26_simple_90"
"763",30,"Vi_i",3.28637340817852e-05,"partial26_simple_90"
"764",31,"Vi_i",3.34887811179527e-05,"partial26_simple_90"
"765",32,"Vi_i",3.40533194248792e-05,"partial26_simple_90"
"766",33,"Vi_i",3.45580133266223e-05,"partial26_simple_90"
"767",34,"Vi_i",3.50036938501414e-05,"partial26_simple_90"
"768",35,"Vi_i",3.53913492091681e-05,"partial26_simple_90"
"769",36,"Vi_i",3.57221106288248e-05,"partial26_simple_90"
"770",37,"Vi_i",3.59972328577152e-05,"partial26_simple_90"
"771",38,"Vi_i",3.62180800649716e-05,"partial26_simple_90"
"772",39,"Vi_i",3.63861125941318e-05,"partial26_simple_90"
"773",40,"Vi_i",3.6502874576097e-05,"partial26_simple_90"
"774",41,"Vi_i",3.65699824470754e-05,"partial26_simple_90"
"775",42,"Vi_i",3.65891142785893e-05,"partial26_simple_90"
"776",43,"Vi_i",3.65619998536549e-05,"partial26_simple_90"
"777",44,"Vi_i",3.64904114326876e-05,"partial26_simple_90"
"778",45,"Vi_i",3.63761551588724e-05,"partial26_simple_90"
"779",46,"Vi_i",3.62210630586974e-05,"partial26_simple_90"
"780",47,"Vi_i",3.60269855984449e-05,"partial26_simple_90"
"781",48,"Vi_i",3.5795784761793e-05,"partial26_simple_90"
"782",49,"Vi_i",3.55293276174214e-05,"partial26_simple_90"
"783",50,"Vi_i",3.52294803487126e-05,"partial26_simple_90"
"784",51,"Vi_i",3.48981027203695e-05,"partial26_simple_90"
"785",52,"Vi_i",3.45370429590995e-05,"partial26_simple_90"
"786",53,"Vi_i",3.41481341691783e-05,"partial26_simple_90"
"787",54,"Vi_i",3.37331867764732e-05,"partial26_simple_90"
"788",55,"Vi_i",3.32939874346239e-05,"partial26_simple_90"
"789",56,"Vi_i",3.28322944913647e-05,"partial26_simple_90"
"790",57,"Vi_i",3.23498348729339e-05,"partial26_simple_90"
"791",58,"Vi_i",3.18482997513886e-05,"partial26_simple_90"
"792",59,"Vi_i",3.13293444801581e-05,"partial26_simple_90"
"793",60,"Vi_i",3.0794584629898e-05,"partial26_simple_90"
"794",61,"Vi_i",3.02455933510679e-05,"partial26_simple_90"
"795",62,"Vi_i",2.96839025961262e-05,"partial26_simple_90"
"796",63,"Vi_i",2.91109926344505e-05,"partial26_simple_90"
"797",64,"Vi_i",2.85283004855278e-05,"partial26_simple_90"
"798",65,"Vi_i",2.79372149297532e-05,"partial26_simple_90"
"799",66,"Vi_i",2.73390751886012e-05,"partial26_simple_90"
"800",67,"Vi_i",2.6735169124212e-05,"partial26_simple_90"
"801",68,"Vi_i",2.61267361393263e-05,"partial26_simple_90"
"802",69,"Vi_i",2.5514964465666e-05,"partial26_simple_90"
"803",70,"Vi_i",2.49009902286376e-05,"partial26_simple_90"
"804",71,"Vi_i",2.42859012360304e-05,"partial26_simple_90"
"805",72,"Vi_i",2.36707266216071e-05,"partial26_simple_90"
"806",73,"Vi_i",2.30564490448735e-05,"partial26_simple_90"
"807",74,"Vi_i",2.24440002833541e-05,"partial26_simple_90"
"808",75,"Vi_i",2.18342610765807e-05,"partial26_simple_90"
"809",76,"Vi_i",2.12280610877313e-05,"partial26_simple_90"
"810",77,"Vi_i",2.06261829320406e-05,"partial26_simple_90"
"811",78,"Vi_i",2.00293606117045e-05,"partial26_simple_90"
"812",79,"Vi_i",1.94382796955714e-05,"partial26_simple_90"
"813",80,"Vi_i",1.88535791520097e-05,"partial26_simple_90"
"814",81,"Vi_i",1.82758522967311e-05,"partial26_simple_90"
"815",82,"Vi_i",1.77056478474335e-05,"partial26_simple_90"
"816",83,"Vi_i",1.71434710588587e-05,"partial26_simple_90"
"817",84,"Vi_i",1.65897849066936e-05,"partial26_simple_90"
"818",85,"Vi_i",1.60450113173405e-05,"partial26_simple_90"
"819",86,"Vi_i",1.55095324374485e-05,"partial26_simple_90"
"820",87,"Vi_i",1.49836919369932e-05,"partial26_simple_90"
"821",88,"Vi_i",1.4467796340116e-05,"partial26_simple_90"
"822",89,"Vi_i",1.39621163781964e-05,"partial26_simple_90"
"823",90,"Vi_i",1.3467413276974e-05,"partial26_simple_90"
"824",91,"Vi_i",1.49853658027194e-05,"partial26_simple_90"
"825",92,"Vi_i",1.65608003531807e-05,"partial26_simple_90"
"826",93,"Vi_i",1.82012423861854e-05,"partial26_simple_90"
"827",94,"Vi_i",1.99140447281118e-05,"partial26_simple_90"
"828",95,"Vi_i",2.17062136110249e-05,"partial26_simple_90"
"829",96,"Vi_i",2.35844504428232e-05,"partial26_simple_90"
"830",97,"Vi_i",2.55551489081794e-05,"partial26_simple_90"
"831",98,"Vi_i",2.76244371560944e-05,"partial26_simple_90"
"832",99,"Vi_i",2.97981747742752e-05,"partial26_simple_90"
"833",100,"Vi_i",3.20819583145888e-05,"partial26_simple_90"
"834",101,"Vi_i",3.44811169191709e-05,"partial26_simple_90"
"835",102,"Vi_i",3.70007108243056e-05,"partial26_simple_90"
"836",103,"Vi_i",3.96455222905033e-05,"partial26_simple_90"
"837",104,"Vi_i",4.24200431065262e-05,"partial26_simple_90"
"838",105,"Vi_i",4.53284588988789e-05,"partial26_simple_90"
"839",106,"Vi_i",4.83746305376217e-05,"partial26_simple_90"
"840",107,"Vi_i",5.15620729814369e-05,"partial26_simple_90"
"841",108,"Vi_i",5.48939318899487e-05,"partial26_simple_90"
"842",109,"Vi_i",5.83729583297687e-05,"partial26_simple_90"
"843",110,"Vi_i",6.20014819026042e-05,"partial26_simple_90"
"844",111,"Vi_i",6.57813826277035e-05,"partial26_simple_90"
"845",112,"Vi_i",6.97140619166773e-05,"partial26_simple_90"
"846",113,"Vi_i",7.3800412985812e-05,"partial26_simple_90"
"847",114,"Vi_i",7.80407910588306e-05,"partial26_simple_90"
"848",115,"Vi_i",8.24349837211702e-05,"partial26_simple_90"
"849",116,"Vi_i",8.69821817947084e-05,"partial26_simple_90"
"850",117,"Vi_i",9.16809511089856e-05,"partial26_simple_90"
"851",118,"Vi_i",9.65292055508366e-05,"partial26_simple_90"
"852",119,"Vi_i",0.000101524181778479,"partial26_simple_90"
"853",120,"Vi_i",0.000106662415988027,"partial26_simple_90"
"854",121,"Vi_i",0.000111939723119663,"partial26_simple_90"
"855",122,"Vi_i",0.000117351178886868,"partial26_simple_90"
"856",123,"Vi_i",0.000122891105004804,"partial26_simple_90"
"857",124,"Vi_i",0.000128553050675079,"partial26_simple_90"
"858",125,"Vi_i",0.000134329830200584,"partial26_simple_90"
"859",126,"Vi_i",0.000140213460313336,"partial26_simple_90"
"860",127,"Vi_i",0.00014619513340566,"partial26_simple_90"
"861",128,"Vi_i",0.000152265322155701,"partial26_simple_90"
"862",129,"Vi_i",0.000158413741338004,"partial26_simple_90"
"863",130,"Vi_i",0.000164629361014522,"partial26_simple_90"
"864",131,"Vi_i",0.000170900434016344,"partial26_simple_90"
"865",132,"Vi_i",0.000177214523233303,"partial26_simple_90"
"866",133,"Vi_i",0.000183558534902058,"partial26_simple_90"
"867",134,"Vi_i",0.000189918762861809,"partial26_simple_90"
"868",135,"Vi_i",0.000196280904290138,"partial26_simple_90"
"869",136,"Vi_i",0.000202630157605059,"partial26_simple_90"
"870",137,"Vi_i",0.000208951251882849,"partial26_simple_90"
"871",138,"Vi_i",0.000215228506140777,"partial26_simple_90"
"872",139,"Vi_i",0.000221445905718625,"partial26_simple_90"
"873",140,"Vi_i",0.000227587148990331,"partial26_simple_90"
"874",141,"Vi_i",0.000233635717011832,"partial26_simple_90"
"875",142,"Vi_i",0.000239574993291241,"partial26_simple_90"
"876",143,"Vi_i",0.000245388316225373,"partial26_simple_90"
"877",144,"Vi_i",0.000251059060622879,"partial26_simple_90"
"878",145,"Vi_i",0.000256570726782161,"partial26_simple_90"
"879",146,"Vi_i",0.000261907024890527,"partial26_simple_90"
"880",147,"Vi_i",0.000267051961145968,"partial26_simple_90"
"881",148,"Vi_i",0.000271989923738736,"partial26_simple_90"
"882",149,"Vi_i",0.000276705767822977,"partial26_simple_90"
"883",150,"Vi_i",0.0002811848989199,"partial26_simple_90"
"884",151,"Vi_i",0.000285413354003444,"partial26_simple_90"
"885",152,"Vi_i",0.000289377879572747,"partial26_simple_90"
"886",153,"Vi_i",0.000293066006040578,"partial26_simple_90"
"887",154,"Vi_i",0.000296466117793434,"partial26_simple_90"
"888",155,"Vi_i",0.000299567518318951,"partial26_simple_90"
"889",156,"Vi_i",0.000302360489842552,"partial26_simple_90"
"890",157,"Vi_i",0.000304836346968422,"partial26_simple_90"
"891",158,"Vi_i",0.000306987483828341,"partial26_simple_90"
"892",159,"Vi_i",0.000308807414557132,"partial26_simple_90"
"893",160,"Vi_i",0.000310290805733319,"partial26_simple_90"
"894",161,"Vi_i",0.000311433505060264,"partial26_simple_90"
"895",162,"Vi_i",0.000312232556600789,"partial26_simple_90"
"896",163,"Vi_i",0.000312686211740327,"partial26_simple_90"
"897",164,"Vi_i",0.000312793933568532,"partial26_simple_90"
"898",165,"Vi_i",0.000312556391706291,"partial26_simple_90"
"899",166,"Vi_i",0.000311975450105576,"partial26_simple_90"
"900",167,"Vi_i",0.00031105414821847,"partial26_simple_90"
"901",168,"Vi_i",0.000309796674815147,"partial26_simple_90"
"902",169,"Vi_i",0.000308208334959695,"partial26_simple_90"
"903",170,"Vi_i",0.00030629551065492,"partial26_simple_90"
"904",171,"Vi_i",0.000304065615803441,"partial26_simple_90"
"905",172,"Vi_i",0.000301527045820887,"partial26_simple_90"
"906",173,"Vi_i",0.000298689122291065,"partial26_simple_90"
"907",174,"Vi_i",0.000295562025826861,"partial26_simple_90"
"908",175,"Vi_i",0.000292156772906432,"partial26_simple_90"
"909",176,"Vi_i",0.000288485082288804,"partial26_simple_90"
"910",177,"Vi_i",0.000284559341671296,"partial26_simple_90"
"911",178,"Vi_i",0.000280392538180663,"partial26_simple_90"
"912",179,"Vi_i",0.000275998166833033,"partial26_simple_90"
"913",180,"Vi_i",0.00027139017307526,"partial26_simple_90"
"914",181,"Vi_i",0.000266582965681734,"partial26_simple_90"
"915",182,"Vi_i",0.000261591148825475,"partial26_simple_90"
"916",183,"Vi_i",0.000256429588585642,"partial26_simple_90"
"917",184,"Vi_i",0.000251113309201038,"partial26_simple_90"
"918",185,"Vi_i",0.000245657420551935,"partial26_simple_90"
"919",186,"Vi_i",0.000240077049583225,"partial26_simple_90"
"920",187,"Vi_i",0.000234387274928976,"partial26_simple_90"
"921",188,"Vi_i",0.000228603063791413,"partial26_simple_90"
"922",189,"Vi_i",0.000222739211864404,"partial26_simple_90"
"923",190,"Vi_i",0.000216810286568461,"partial26_simple_90"
"924",191,"Vi_i",0.000210830573926387,"partial26_simple_90"
"925",192,"Vi_i",0.000204814028634889,"partial26_simple_90"
"926",193,"Vi_i",0.000198774230394182,"partial26_simple_90"
"927",194,"Vi_i",0.000192724337499263,"partial26_simple_90"
"928",195,"Vi_i",0.00018667705313269,"partial26_simple_90"
"929",196,"Vi_i",0.000180644591879109,"partial26_simple_90"
"930",197,"Vi_i",0.000174638648556115,"partial26_simple_90"
"931",198,"Vi_i",0.000168670373461795,"partial26_simple_90"
"932",199,"Vi_i",0.000162750350248644,"partial26_simple_90"
"933",200,"Vi_i",0.000156888578888507,"partial26_simple_90"
"934",201,"Vi_i",0.000151094462106132,"partial26_simple_90"
"935",202,"Vi_i",0.000145376803243242,"partial26_simple_90"
"936",203,"Vi_i",0.000139743754299218,"partial26_simple_90"
"937",204,"Vi_i",0.000134202888902013,"partial26_simple_90"
"938",205,"Vi_i",0.000128761152357321,"partial26_simple_90"
"939",206,"Vi_i",0.000123424882644091,"partial26_simple_90"
"940",207,"Vi_i",0.000118199801651872,"partial26_simple_90"
"941",208,"Vi_i",0.000113091030500616,"partial26_simple_90"
"942",209,"Vi_i",0.00010810310074528,"partial26_simple_90"
"943",210,"Vi_i",0.000103239967571197,"partial26_simple_90"
"944",211,"Vi_i",9.85050249213419e-05,"partial26_simple_90"
"945",212,"Vi_i",9.39011224572161e-05,"partial26_simple_90"
"946",213,"Vi_i",8.94305841269636e-05,"partial26_simple_90"
"947",214,"Vi_i",8.50952212677641e-05,"partial26_simple_90"
"948",215,"Vi_i",8.08963909980458e-05,"partial26_simple_90"
"949",216,"Vi_i",7.68349657935537e-05,"partial26_simple_90"
"950",217,"Vi_i",7.29113508978301e-05,"partial26_simple_90"
"951",218,"Vi_i",6.91255666390712e-05,"partial26_simple_90"
"952",219,"Vi_i",6.54772460298399e-05,"partial26_simple_90"
"953",220,"Vi_i",6.19656306501716e-05,"partial26_simple_90"
"954",221,"Vi_i",5.8589644074056e-05,"partial26_simple_90"
"955",222,"Vi_i",5.53478851233336e-05,"partial26_simple_90"
"956",223,"Vi_i",5.22386591825349e-05,"partial26_simple_90"
"957",224,"Vi_i",4.92600149370338e-05,"partial26_simple_90"
"958",225,"Vi_i",4.64097434112233e-05,"partial26_simple_90"
"959",226,"Vi_i",4.36853997067185e-05,"partial26_simple_90"
"960",227,"Vi_i",4.10843586502481e-05,"partial26_simple_90"
"961",228,"Vi_i",3.86038205303453e-05,"partial26_simple_90"
"962",229,"Vi_i",3.62408204679857e-05,"partial26_simple_90"
"963",230,"Vi_i",3.39922711843526e-05,"partial26_simple_90"
"964",231,"Vi_i",3.18549689266505e-05,"partial26_simple_90"
"965",232,"Vi_i",2.98256159364912e-05,"partial26_simple_90"
"966",233,"Vi_i",2.79008412117464e-05,"partial26_simple_90"
"967",234,"Vi_i",2.60772113671424e-05,"partial26_simple_90"
"968",235,"Vi_i",2.43512476404143e-05,"partial26_simple_90"
"969",236,"Vi_i",2.27194506747743e-05,"partial26_simple_90"
"970",237,"Vi_i",2.11783085467313e-05,"partial26_simple_90"
"971",238,"Vi_i",1.97243094668785e-05,"partial26_simple_90"
"972",239,"Vi_i",1.83539558758962e-05,"partial26_simple_90"
"973",240,"Vi_i",1.70637754816234e-05,"partial26_simple_90"
"974",241,"Vi_i",1.58503317772552e-05,"partial26_simple_90"
"975",242,"Vi_i",1.47102336331811e-05,"partial26_simple_90"
"976",243,"Vi_i",1.36401440052469e-05,"partial26_simple_90"
"977",244,"Vi_i",1.26367873551298e-05,"partial26_simple_90"
"978",245,"Vi_i",1.16969573446229e-05,"partial26_simple_90"
"979",246,"Vi_i",1.08175221954705e-05,"partial26_simple_90"
"980",247,"Vi_i",9.99542993813543e-06,"partial26_simple_90"
"981",248,"Vi_i",9.22771320266153e-06,"partial26_simple_90"
"982",249,"Vi_i",8.5114928520803e-06,"partial26_simple_90"
"983",250,"Vi_i",7.84398115824595e-06,"partial26_simple_90"
"984",251,"Vi_i",7.22248416266318e-06,"partial26_simple_90"
"985",252,"Vi_i",6.64440347492761e-06,"partial26_simple_90"
"986",253,"Vi_i",6.10723626543437e-06,"partial26_simple_90"
"987",254,"Vi_i",5.60858321253458e-06,"partial26_simple_90"
"988",255,"Vi_i",5.14613666345288e-06,"partial26_simple_90"
"989",256,"Vi_i",4.71768841954706e-06,"partial26_simple_90"
"990",257,"Vi_i",4.32097710052882e-06,"partial26_simple_90"
"991",258,"Vi_i",3.95441325448478e-06,"partial26_simple_90"
"992",259,"Vi_i",3.6155215373892e-06,"partial26_simple_90"
"993",260,"Vi_i",3.30276951936075e-06,"partial26_simple_90"
"994",261,"Vi_i",3.01442288860593e-06,"partial26_simple_90"
"995",262,"Vi_i",2.74883580296445e-06,"partial26_simple_90"
"996",263,"Vi_i",2.50444888283e-06,"partial26_simple_90"
"997",264,"Vi_i",2.27978733068526e-06,"partial26_simple_90"
"998",265,"Vi_i",2.0734583962996e-06,"partial26_simple_90"
"999",266,"Vi_i",1.8841486917106e-06,"partial26_simple_90"
"1000",267,"Vi_i",1.71062142285026e-06,"partial26_simple_90"
"1001",268,"Vi_i",1.55171354968898e-06,"partial26_simple_90"
"1002",269,"Vi_i",1.40633289559208e-06,"partial26_simple_90"
"1003",270,"Vi_i",1.27347520071925e-06,"partial26_simple_90"
"1004",271,"Vi_i",1.15272108198808e-06,"partial26_simple_90"
"1005",272,"Vi_i",1.04333577545548e-06,"partial26_simple_90"
"1006",273,"Vi_i",9.44335953299815e-07,"partial26_simple_90"
"1007",274,"Vi_i",8.54734821625302e-07,"partial26_simple_90"
"1008",275,"Vi_i",7.73639061865326e-07,"partial26_simple_90"
"1009",276,"Vi_i",7.0024084592749e-07,"partial26_simple_90"
"1010",277,"Vi_i",6.33809130596031e-07,"partial26_simple_90"
"1011",278,"Vi_i",5.73682347307014e-07,"partial26_simple_90"
"1012",279,"Vi_i",5.19261795231609e-07,"partial26_simple_90"
"1013",280,"Vi_i",4.70005661978277e-07,"partial26_simple_90"
"1014",281,"Vi_i",4.25423613570307e-07,"partial26_simple_90"
"1015",282,"Vi_i",3.85071899454652e-07,"partial26_simple_90"
"1016",283,"Vi_i",3.48548923442528e-07,"partial26_simple_90"
"1017",284,"Vi_i",3.1549123617449e-07,"partial26_simple_90"
"1018",285,"Vi_i",2.85569908942079e-07,"partial26_simple_90"
"1019",286,"Vi_i",2.58487252531893e-07,"partial26_simple_90"
"1020",287,"Vi_i",2.33973848225037e-07,"partial26_simple_90"
"1021",288,"Vi_i",2.11785861220533e-07,"partial26_simple_90"
"1022",289,"Vi_i",1.91702609587187e-07,"partial26_simple_90"
"1023",290,"Vi_i",1.73524364413324e-07,"partial26_simple_90"
"1024",291,"Vi_i",1.57070359143672e-07,"partial26_simple_90"
"1025",292,"Vi_i",1.42176988190961e-07,"partial26_simple_90"
"1026",293,"Vi_i",1.28696176807743e-07,"partial26_simple_90"
"1027",294,"Vi_i",1.16493905920648e-07,"partial26_simple_90"
"1028",295,"Vi_i",1.0544887718217e-07,"partial26_simple_90"
"1029",296,"Vi_i",9.54513048997516e-08,"partial26_simple_90"
"1030",297,"Vi_i",8.64018227726073e-08,"partial26_simple_90"
"1031",298,"Vi_i",7.8210494516149e-08,"partial26_simple_90"
"1032",299,"Vi_i",7.07959184937383e-08,"partial26_simple_90"
"1033",300,"Vi_i",6.40844174161414e-08,"partial26_simple_90"
"1034",301,"Vi_i",5.80093050200676e-08,"partial26_simple_90"
"1035",302,"Vi_i",5.25102224070498e-08,"partial26_simple_90"
"1036",303,"Vi_i",4.75325374204348e-08,"partial26_simple_90"
"1037",304,"Vi_i",4.30194237782452e-08,"partial26_simple_90"
"1038",305,"Vi_i",3.89323127344441e-08,"partial26_simple_90"
"1039",306,"Vi_i",3.52318454482314e-08,"partial26_simple_90"
"1040",307,"Vi_i",3.20433683581461e-08,"partial26_simple_90"
"1041",308,"Vi_i",2.91434921063676e-08,"partial26_simple_90"
"1042",309,"Vi_i",2.65060893502051e-08,"partial26_simple_90"
"1043",310,"Vi_i",2.41073986533504e-08,"partial26_simple_90"
"1044",311,"Vi_i",2.19258101814269e-08,"partial26_simple_90"
"1045",312,"Vi_i",1.99416708166494e-08,"partial26_simple_90"
"1046",313,"Vi_i",1.8137106931112e-08,"partial26_simple_90"
"1047",314,"Vi_i",1.64958632179095e-08,"partial26_simple_90"
"1048",315,"Vi_i",1.50031561244951e-08,"partial26_simple_90"
"1049",316,"Vi_i",1.36455405646992e-08,"partial26_simple_90"
"1050",317,"Vi_i",1.24107887058711e-08,"partial26_simple_90"
"1051",318,"Vi_i",1.12877797367493e-08,"partial26_simple_90"
"1052",319,"Vi_i",1.02663996209054e-08,"partial26_simple_90"
"1053",320,"Vi_i",9.33744993084086e-09,"partial26_simple_90"
"1054",321,"Vi_i",8.49256493986375e-09,"partial26_simple_90"
"1055",322,"Vi_i",7.72413622347544e-09,"partial26_simple_90"
"1056",323,"Vi_i",7.02524408983331e-09,"partial26_simple_90"
"1057",324,"Vi_i",6.38959522053800e-09,"partial26_simple_90"
"1058",325,"Vi_i",5.81146595908084e-09,"partial26_simple_90"
"1059",326,"Vi_i",5.2856507352882e-09,"partial26_simple_90"
"1060",327,"Vi_i",4.80741516020759e-09,"partial26_simple_90"
"1061",328,"Vi_i",4.37245336966738e-09,"partial26_simple_90"
"1062",329,"Vi_i",3.97684922901776e-09,"partial26_simple_90"
"1063",330,"Vi_i",3.61704105184775e-09,"partial26_simple_90"
"1064",331,"Vi_i",3.2897895131949e-09,"partial26_simple_90"
"1065",332,"Vi_i",2.99214846808585e-09,"partial26_simple_90"
"1066",333,"Vi_i",2.7214384122846e-09,"partial26_simple_90"
"1067",334,"Vi_i",2.47522234594596e-09,"partial26_simple_90"
"1068",335,"Vi_i",2.25128382255247e-09,"partial26_simple_90"
"1069",336,"Vi_i",2.04760698522891e-09,"partial26_simple_90"
"1070",337,"Vi_i",1.86235841045777e-09,"partial26_simple_90"
"1071",338,"Vi_i",1.69387059552224e-09,"partial26_simple_90"
"1072",339,"Vi_i",1.54062694083069e-09,"partial26_simple_90"
"1073",340,"Vi_i",1.40124809175839e-09,"partial26_simple_90"
"1074",341,"Vi_i",1.27447951690419e-09,"partial26_simple_90"
"1075",342,"Vi_i",1.15918021080922e-09,"partial26_simple_90"
"1076",343,"Vi_i",1.05431241932498e-09,"partial26_simple_90"
"1077",344,"Vi_i",9.58932295038701e-10,"partial26_simple_90"
"1078",345,"Vi_i",8.72181398550036e-10,"partial26_simple_90"
"1079",346,"Vi_i",7.9327896901867e-10,"partial26_simple_90"
"1080",347,"Vi_i",7.21514894346589e-10,"partial26_simple_90"
"1081",348,"Vi_i",6.56243317610855e-10,"partial26_simple_90"
"1082",349,"Vi_i",5.96876822237422e-10,"partial26_simple_90"
"1083",350,"Vi_i",5.42881143435205e-10,"partial26_simple_90"
"1084",351,"Vi_i",4.93770358292603e-10,"partial26_simple_90"
"1085",352,"Vi_i",4.49102511199772e-10,"partial26_simple_90"
"1086",353,"Vi_i",4.08475635189648e-10,"partial26_simple_90"
"1087",354,"Vi_i",3.71524133359377e-10,"partial26_simple_90"
"1088",355,"Vi_i",3.3791548777854e-10,"partial26_simple_90"
"1089",356,"Vi_i",3.07347266241459e-10,"partial26_simple_90"
"1090",357,"Vi_i",2.7954439990453e-10,"partial26_simple_90"
"1091",358,"Vi_i",2.54256707290179e-10,"partial26_simple_90"
"1092",359,"Vi_i",2.31256642358659e-10,"partial26_simple_90"
"1093",360,"Vi_i",2.10337246367555e-10,"partial26_simple_90"
"1094",361,"Vi_i",1.91310285074726e-10,"partial26_simple_90"
"1095",362,"Vi_i",1.74004554510046e-10,"partial26_simple_90"
"1096",363,"Vi_i",1.58264340059748e-10,"partial26_simple_90"
"1097",364,"Vi_i",1.43948014988177e-10,"partial26_simple_90"
"1098",365,"Vi_i",1.30926765777689e-10,"partial26_simple_90"
"1099",0,"R_i",0.0243333333333333,"partial26_simple_90"
"1100",1,"R_i",0.0244228745140777,"partial26_simple_90"
"1101",2,"R_i",0.0245021221725219,"partial26_simple_90"
"1102",3,"R_i",0.0245710615626209,"partial26_simple_90"
"1103",4,"R_i",0.024629688720432,"partial26_simple_90"
"1104",5,"R_i",0.0246780087264524,"partial26_simple_90"
"1105",6,"R_i",0.0247160403356322,"partial26_simple_90"
"1106",7,"R_i",0.0247438117780174,"partial26_simple_90"
"1107",8,"R_i",0.0247613611468501,"partial26_simple_90"
"1108",9,"R_i",0.0247687362803168,"partial26_simple_90"
"1109",10,"R_i",0.0247659943651748,"partial26_simple_90"
"1110",11,"R_i",0.0247532016058433,"partial26_simple_90"
"1111",12,"R_i",0.0247304323512968,"partial26_simple_90"
"1112",13,"R_i",0.0246977704935116,"partial26_simple_90"
"1113",14,"R_i",0.0246553071122312,"partial26_simple_90"
"1114",15,"R_i",0.0246031408774866,"partial26_simple_90"
"1115",16,"R_i",0.0245413777461167,"partial26_simple_90"
"1116",17,"R_i",0.0244701305039343,"partial26_simple_90"
"1117",18,"R_i",0.0243895183891747,"partial26_simple_90"
"1118",19,"R_i",0.0242996667092748,"partial26_simple_90"
"1119",20,"R_i",0.0242007064563228,"partial26_simple_90"
"1120",21,"R_i",0.0240927739235352,"partial26_simple_90"
"1121",22,"R_i",0.0239760103354338,"partial26_simple_90"
"1122",23,"R_i",0.0238505614327343,"partial26_simple_90"
"1123",24,"R_i",0.0237165771239171,"partial26_simple_90"
"1124",25,"R_i",0.0235742111183192,"partial26_simple_90"
"1125",26,"R_i",0.0234236205464573,"partial26_simple_90"
"1126",27,"R_i",0.0232649656023871,"partial26_simple_90"
"1127",28,"R_i",0.0230984091878327,"partial26_simple_90"
"1128",29,"R_i",0.0229241165670772,"partial26_simple_90"
"1129",30,"R_i",0.0227422550388511,"partial26_simple_90"
"1130",31,"R_i",0.0225529935922474,"partial26_simple_90"
"1131",32,"R_i",0.0223565025908128,"partial26_simple_90"
"1132",33,"R_i",0.0221529534800764,"partial26_simple_90"
"1133",34,"R_i",0.021942518427313,"partial26_simple_90"
"1134",35,"R_i",0.0217253700793137,"partial26_simple_90"
"1135",36,"R_i",0.0215016812980885,"partial26_simple_90"
"1136",37,"R_i",0.0212716248677634,"partial26_simple_90"
"1137",38,"R_i",0.0210353732391036,"partial26_simple_90"
"1138",39,"R_i",0.0207930982840037,"partial26_simple_90"
"1139",40,"R_i",0.0205449710607735,"partial26_simple_90"
"1140",41,"R_i",0.0202911615911129,"partial26_simple_90"
"1141",42,"R_i",0.020031838648702,"partial26_simple_90"
"1142",43,"R_i",0.0197671695594057,"partial26_simple_90"
"1143",44,"R_i",0.0194973200130598,"partial26_simple_90"
"1144",45,"R_i",0.0192224538867738,"partial26_simple_90"
"1145",46,"R_i",0.018942733079651,"partial26_simple_90"
"1146",47,"R_i",0.0186583173587969,"partial26_simple_90"
"1147",48,"R_i",0.0183693642164605,"partial26_simple_90"
"1148",49,"R_i",0.0180760287381295,"partial26_simple_90"
"1149",50,"R_i",0.0177784634813735,"partial26_simple_90"
"1150",51,"R_i",0.0174768183652107,"partial26_simple_90"
"1151",52,"R_i",0.0171712405697558,"partial26_simple_90"
"1152",53,"R_i",0.0168618746240792,"partial26_simple_90"
"1153",54,"R_i",0.01654886175701,"partial26_simple_90"
"1154",55,"R_i",0.0162323404458742,"partial26_simple_90"
"1155",56,"R_i",0.0159124461244044,"partial26_simple_90"
"1156",57,"R_i",0.0155893111137387,"partial26_simple_90"
"1157",58,"R_i",0.0152630645054131,"partial26_simple_90"
"1158",59,"R_i",0.0149338323465161,"partial26_simple_90"
"1159",60,"R_i",0.0146017374781169,"partial26_simple_90"
"1160",61,"R_i",0.0142668994710245,"partial26_simple_90"
"1161",62,"R_i",0.0139294348561936,"partial26_simple_90"
"1162",63,"R_i",0.0135894564650335,"partial26_simple_90"
"1163",64,"R_i",0.0132470741552666,"partial26_simple_90"
"1164",65,"R_i",0.0129023945409216,"partial26_simple_90"
"1165",66,"R_i",0.0125555209818231,"partial26_simple_90"
"1166",67,"R_i",0.0122065535366957,"partial26_simple_90"
"1167",68,"R_i",0.0118555892077851,"partial26_simple_90"
"1168",69,"R_i",0.0115027218302885,"partial26_simple_90"
"1169",70,"R_i",0.0111480420595805,"partial26_simple_90"
"1170",71,"R_i",0.0107916376437481,"partial26_simple_90"
"1171",72,"R_i",0.0104335928378922,"partial26_simple_90"
"1172",73,"R_i",0.0100739891520322,"partial26_simple_90"
"1173",74,"R_i",0.0097129051263888,"partial26_simple_90"
"1174",75,"R_i",0.00935041635647834,"partial26_simple_90"
"1175",76,"R_i",0.00898659549609091,"partial26_simple_90"
"1176",77,"R_i",0.00862151250757815,"partial26_simple_90"
"1177",78,"R_i",0.00825523459429605,"partial26_simple_90"
"1178",79,"R_i",0.00788782621981233,"partial26_simple_90"
"1179",80,"R_i",0.00751934921255707,"partial26_simple_90"
"1180",81,"R_i",0.00714986282675353,"partial26_simple_90"
"1181",82,"R_i",0.00677942380526671,"partial26_simple_90"
"1182",83,"R_i",0.00640808644386655,"partial26_simple_90"
"1183",84,"R_i",0.0060359026562541,"partial26_simple_90"
"1184",85,"R_i",0.00566292203971988,"partial26_simple_90"
"1185",86,"R_i",0.00528919194125623,"partial26_simple_90"
"1186",87,"R_i",0.0049147575239468,"partial26_simple_90"
"1187",88,"R_i",0.00453966183346937,"partial26_simple_90"
"1188",89,"R_i",0.00416394586455822,"partial26_simple_90"
"1189",90,"R_i",0.00378763311343239,"partial26_simple_90"
"1190",91,"R_i",0.00378987259235736,"partial26_simple_90"
"1191",92,"R_i",0.00379233755181806,"partial26_simple_90"
"1192",93,"R_i",0.00379500070682907,"partial26_simple_90"
"1193",94,"R_i",0.0037978751513206,"partial26_simple_90"
"1194",95,"R_i",0.0038009745752083,"partial26_simple_90"
"1195",96,"R_i",0.00380431324610509,"partial26_simple_90"
"1196",97,"R_i",0.00380790605056578,"partial26_simple_90"
"1197",98,"R_i",0.00381176844013618,"partial26_simple_90"
"1198",99,"R_i",0.00381591644852947,"partial26_simple_90"
"1199",100,"R_i",0.00382036667935284,"partial26_simple_90"
"1200",101,"R_i",0.00382513630233614,"partial26_simple_90"
"1201",102,"R_i",0.00383024303059288,"partial26_simple_90"
"1202",103,"R_i",0.00383570509996354,"partial26_simple_90"
"1203",104,"R_i",0.00384154124434394,"partial26_simple_90"
"1204",105,"R_i",0.00384777066673852,"partial26_simple_90"
"1205",106,"R_i",0.00385441300583323,"partial26_simple_90"
"1206",107,"R_i",0.00386148829794517,"partial26_simple_90"
"1207",108,"R_i",0.00386901693422092,"partial26_simple_90"
"1208",109,"R_i",0.00387701961298049,"partial26_simple_90"
"1209",110,"R_i",0.00388551728713253,"partial26_simple_90"
"1210",111,"R_i",0.00389453110661764,"partial26_simple_90"
"1211",112,"R_i",0.00390408235587195,"partial26_simple_90"
"1212",113,"R_i",0.00391419238634047,"partial26_simple_90"
"1213",114,"R_i",0.00392488254411099,"partial26_simple_90"
"1214",115,"R_i",0.00393617409278275,"partial26_simple_90"
"1215",116,"R_i",0.00394808813173007,"partial26_simple_90"
"1216",117,"R_i",0.0039606455099698,"partial26_simple_90"
"1217",118,"R_i",0.00397386673589132,"partial26_simple_90"
"1218",119,"R_i",0.00398777188315947,"partial26_simple_90"
"1219",120,"R_i",0.00400238049315344,"partial26_simple_90"
"1220",121,"R_i",0.00401771147435709,"partial26_simple_90"
"1221",122,"R_i",0.00403378299916927,"partial26_simple_90"
"1222",123,"R_i",0.0040506123986539,"partial26_simple_90"
"1223",124,"R_i",0.00406821604563388,"partial26_simple_90"
"1224",125,"R_i",0.00408660931049557,"partial26_simple_90"
"1225",126,"R_i",0.00410580637669087,"partial26_simple_90"
"1226",127,"R_i",0.00412582008127793,"partial26_simple_90"
"1227",128,"R_i",0.00414666194609259,"partial26_simple_90"
"1228",129,"R_i",0.00416834201221231,"partial26_simple_90"
"1229",130,"R_i",0.00419086873211718,"partial26_simple_90"
"1230",131,"R_i",0.00421424887805031,"partial26_simple_90"
"1231",132,"R_i",0.00423848744893074,"partial26_simple_90"
"1232",133,"R_i",0.00426358758231069,"partial26_simple_90"
"1233",134,"R_i",0.00428955049162166,"partial26_simple_90"
"1234",135,"R_i",0.00431637528554938,"partial26_simple_90"
"1235",136,"R_i",0.00434405906353265,"partial26_simple_90"
"1236",137,"R_i",0.00437259678286692,"partial26_simple_90"
"1237",138,"R_i",0.00440198119569229,"partial26_simple_90"
"1238",139,"R_i",0.00443220290706355,"partial26_simple_90"
"1239",140,"R_i",0.00446325019482783,"partial26_simple_90"
"1240",141,"R_i",0.00449510890684226,"partial26_simple_90"
"1241",142,"R_i",0.00452776273313982,"partial26_simple_90"
"1242",143,"R_i",0.00456119307282159,"partial26_simple_90"
"1243",144,"R_i",0.0045953790417796,"partial26_simple_90"
"1244",145,"R_i",0.00463029751057972,"partial26_simple_90"
"1245",146,"R_i",0.00466592314535203,"partial26_simple_90"
"1246",147,"R_i",0.00470222845968806,"partial26_simple_90"
"1247",148,"R_i",0.00473918387842112,"partial26_simple_90"
"1248",149,"R_i",0.00477675781318794,"partial26_simple_90"
"1249",150,"R_i",0.00481491674928508,"partial26_simple_90"
"1250",151,"R_i",0.0048536253434034,"partial26_simple_90"
"1251",152,"R_i",0.00489284653169282,"partial26_simple_90"
"1252",153,"R_i",0.00493254164751574,"partial26_simple_90"
"1253",154,"R_i",0.0049726705481664,"partial26_simple_90"
"1254",155,"R_i",0.0050131917497547,"partial26_simple_90"
"1255",156,"R_i",0.00505406256938429,"partial26_simple_90"
"1256",157,"R_i",0.00509523927369507,"partial26_simple_90"
"1257",158,"R_i",0.00513667723258319,"partial26_simple_90"
"1258",159,"R_i",0.0051783310777384,"partial26_simple_90"
"1259",160,"R_i",0.00522015485983597,"partial26_simple_90"
"1260",161,"R_i",0.00526210222565441,"partial26_simple_90"
"1261",162,"R_i",0.00530412657196,"partial26_simple_90"
"1262",163,"R_i",0.00534618120989838,"partial26_simple_90"
"1263",164,"R_i",0.00538821953343724,"partial26_simple_90"
"1264",165,"R_i",0.00543019518002423,"partial26_simple_90"
"1265",166,"R_i",0.00547206219285614,"partial26_simple_90"
"1266",167,"R_i",0.00551377517251189,"partial26_simple_90"
"1267",168,"R_i",0.00555528942619524,"partial26_simple_90"
"1268",169,"R_i",0.00559656111742353,"partial26_simple_90"
"1269",170,"R_i",0.00563754740302754,"partial26_simple_90"
"1270",171,"R_i",0.0056782065644609,"partial26_simple_90"
"1271",172,"R_i",0.00571849813156778,"partial26_simple_90"
"1272",173,"R_i",0.00575838299812686,"partial26_simple_90"
"1273",174,"R_i",0.00579782351365483,"partial26_simple_90"
"1274",175,"R_i",0.00583678366375785,"partial26_simple_90"
"1275",176,"R_i",0.00587522903240134,"partial26_simple_90"
"1276",177,"R_i",0.00591312693530549,"partial26_simple_90"
"1277",178,"R_i",0.0059504465004744,"partial26_simple_90"
"1278",179,"R_i",0.00598715864363431,"partial26_simple_90"
"1279",180,"R_i",0.00602323613387221,"partial26_simple_90"
"1280",181,"R_i",0.00605865415017685,"partial26_simple_90"
"1281",182,"R_i",0.00609338938659057,"partial26_simple_90"
"1282",183,"R_i",0.00612742067635072,"partial26_simple_90"
"1283",184,"R_i",0.0061607288628258,"partial26_simple_90"
"1284",185,"R_i",0.00619329680186298,"partial26_simple_90"
"1285",186,"R_i",0.00622510935467834,"partial26_simple_90"
"1286",187,"R_i",0.00625615337253278,"partial26_simple_90"
"1287",188,"R_i",0.00628641767376998,"partial26_simple_90"
"1288",189,"R_i",0.00631589301348573,"partial26_simple_90"
"1289",190,"R_i",0.0063445720463229,"partial26_simple_90"
"1290",191,"R_i",0.0063724492829982,"partial26_simple_90"
"1291",192,"R_i",0.00639952104044069,"partial26_simple_90"
"1292",193,"R_i",0.00642578538943266,"partial26_simple_90"
"1293",194,"R_i",0.00645124208949625,"partial26_simple_90"
"1294",195,"R_i",0.00647589252883891,"partial26_simple_90"
"1295",196,"R_i",0.00649973965719868,"partial26_simple_90"
"1296",197,"R_i",0.00652278791336493,"partial26_simple_90"
"1297",198,"R_i",0.00654504315238636,"partial26_simple_90"
"1298",199,"R_i",0.00656651256748159,"partial26_simple_90"
"1299",200,"R_i",0.00658720461465719,"partial26_simple_90"
"1300",201,"R_i",0.00660712893435777,"partial26_simple_90"
"1301",202,"R_i",0.00662629625483988,"partial26_simple_90"
"1302",203,"R_i",0.00664471838654896,"partial26_simple_90"
"1303",204,"R_i",0.00666240801421872,"partial26_simple_90"
"1304",205,"R_i",0.00667937870520177,"partial26_simple_90"
"1305",206,"R_i",0.00669564480006179,"partial26_simple_90"
"1306",207,"R_i",0.00671122135648402,"partial26_simple_90"
"1307",208,"R_i",0.00672612405989161,"partial26_simple_90"
"1308",209,"R_i",0.00674036914811022,"partial26_simple_90"
"1309",210,"R_i",0.00675397333787492,"partial26_simple_90"
"1310",211,"R_i",0.00676695375346473,"partial26_simple_90"
"1311",212,"R_i",0.00677932785763555,"partial26_simple_90"
"1312",213,"R_i",0.00679111338504133,"partial26_simple_90"
"1313",214,"R_i",0.00680232828017866,"partial26_simple_90"
"1314",215,"R_i",0.00681299062632207,"partial26_simple_90"
"1315",216,"R_i",0.0068231186049803,"partial26_simple_90"
"1316",217,"R_i",0.00683273043582853,"partial26_simple_90"
"1317",218,"R_i",0.0068418443081223,"partial26_simple_90"
"1318",219,"R_i",0.00685047834624921,"partial26_simple_90"
"1319",220,"R_i",0.00685865055400573,"partial26_simple_90"
"1320",221,"R_i",0.00686637878378133,"partial26_simple_90"
"1321",222,"R_i",0.00687368069046029,"partial26_simple_90"
"1322",223,"R_i",0.00688057369383772,"partial26_simple_90"
"1323",224,"R_i",0.00688707496309044,"partial26_simple_90"
"1324",225,"R_i",0.00689320135963021,"partial26_simple_90"
"1325",226,"R_i",0.00689896940125577,"partial26_simple_90"
"1326",227,"R_i",0.00690439527073279,"partial26_simple_90"
"1327",228,"R_i",0.00690949478497676,"partial26_simple_90"
"1328",229,"R_i",0.00691428334497633,"partial26_simple_90"
"1329",230,"R_i",0.0069187759682615,"partial26_simple_90"
"1330",231,"R_i",0.006922987244404,"partial26_simple_90"
"1331",232,"R_i",0.00692693132821613,"partial26_simple_90"
"1332",233,"R_i",0.0069306219556536,"partial26_simple_90"
"1333",234,"R_i",0.00693407239395482,"partial26_simple_90"
"1334",235,"R_i",0.00693729542821638,"partial26_simple_90"
"1335",236,"R_i",0.00694030341232534,"partial26_simple_90"
"1336",237,"R_i",0.00694310824059776,"partial26_simple_90"
"1337",238,"R_i",0.00694572134628835,"partial26_simple_90"
"1338",239,"R_i",0.00694815370548555,"partial26_simple_90"
"1339",240,"R_i",0.00695041584082778,"partial26_simple_90"
"1340",241,"R_i",0.00695251782624904,"partial26_simple_90"
"1341",242,"R_i",0.00695446929289097,"partial26_simple_90"
"1342",243,"R_i",0.00695627943622865,"partial26_simple_90"
"1343",244,"R_i",0.006957957023752,"partial26_simple_90"
"1344",245,"R_i",0.00695951040468623,"partial26_simple_90"
"1345",246,"R_i",0.00696094751914012,"partial26_simple_90"
"1346",247,"R_i",0.00696227590838245,"partial26_simple_90"
"1347",248,"R_i",0.00696350272598595,"partial26_simple_90"
"1348",249,"R_i",0.00696463474913455,"partial26_simple_90"
"1349",250,"R_i",0.00696567839077903,"partial26_simple_90"
"1350",251,"R_i",0.00696663971141156,"partial26_simple_90"
"1351",252,"R_i",0.00696752443134269,"partial26_simple_90"
"1352",253,"R_i",0.00696833794808525,"partial26_simple_90"
"1353",254,"R_i",0.00696908532583154,"partial26_simple_90"
"1354",255,"R_i",0.00696977134726533,"partial26_simple_90"
"1355",256,"R_i",0.00697040049980279,"partial26_simple_90"
"1356",257,"R_i",0.00697097728783807,"partial26_simple_90"
"1357",258,"R_i",0.00697150482693247,"partial26_simple_90"
"1358",259,"R_i",0.00697198788391192,"partial26_simple_90"
"1359",260,"R_i",0.00697242934019218,"partial26_simple_90"
"1360",261,"R_i",0.00697283242582594,"partial26_simple_90"
"1361",262,"R_i",0.00697320015397584,"partial26_simple_90"
"1362",263,"R_i",0.00697353533237332,"partial26_simple_90"
"1363",264,"R_i",0.00697384057470021,"partial26_simple_90"
"1364",265,"R_i",0.00697411831127275,"partial26_simple_90"
"1365",266,"R_i",0.00697437079940187,"partial26_simple_90"
"1366",267,"R_i",0.00697460013339253,"partial26_simple_90"
"1367",268,"R_i",0.00697480825417885,"partial26_simple_90"
"1368",269,"R_i",0.00697499695858812,"partial26_simple_90"
"1369",270,"R_i",0.00697516787906953,"partial26_simple_90"
"1370",271,"R_i",0.00697532251891863,"partial26_simple_90"
"1371",272,"R_i",0.00697546260435973,"partial26_simple_90"
"1372",273,"R_i",0.00697558939373045,"partial26_simple_90"
"1373",274,"R_i",0.00697570414986673,"partial26_simple_90"
"1374",275,"R_i",0.00697580801604368,"partial26_simple_90"
"1375",276,"R_i",0.00697590202618077,"partial26_simple_90"
"1376",277,"R_i",0.00697598711597013,"partial26_simple_90"
"1377",278,"R_i",0.0069760641322224,"partial26_simple_90"
"1378",279,"R_i",0.00697613384131407,"partial26_simple_90"
"1379",280,"R_i",0.00697619693683302,"partial26_simple_90"
"1380",281,"R_i",0.00697625404649671,"partial26_simple_90"
"1381",282,"R_i",0.00697630573841222,"partial26_simple_90"
"1382",283,"R_i",0.00697635252674086,"partial26_simple_90"
"1383",284,"R_i",0.00697639487682401,"partial26_simple_90"
"1384",285,"R_i",0.00697643320982157,"partial26_simple_90"
"1385",286,"R_i",0.00697646790690927,"partial26_simple_90"
"1386",287,"R_i",0.00697649931307701,"partial26_simple_90"
"1387",288,"R_i",0.00697652774056601,"partial26_simple_90"
"1388",289,"R_i",0.00697655347197933,"partial26_simple_90"
"1389",290,"R_i",0.00697657676309665,"partial26_simple_90"
"1390",291,"R_i",0.00697659784542161,"partial26_simple_90"
"1391",292,"R_i",0.00697661692848702,"partial26_simple_90"
"1392",293,"R_i",0.00697663420194109,"partial26_simple_90"
"1393",294,"R_i",0.00697664983743534,"partial26_simple_90"
"1394",295,"R_i",0.00697666399033328,"partial26_simple_90"
"1395",296,"R_i",0.00697667680125664,"partial26_simple_90"
"1396",297,"R_i",0.00697668839748484,"partial26_simple_90"
"1397",298,"R_i",0.0069766988942214,"partial26_simple_90"
"1398",299,"R_i",0.00697670839574023,"partial26_simple_90"
"1399",300,"R_i",0.00697671699642293,"partial26_simple_90"
"1400",301,"R_i",0.00697672478169766,"partial26_simple_90"
"1401",302,"R_i",0.00697673182888881,"partial26_simple_90"
"1402",303,"R_i",0.00697673820798604,"partial26_simple_90"
"1403",304,"R_i",0.0069767439917918,"partial26_simple_90"
"1404",305,"R_i",0.00697674922971938,"partial26_simple_90"
"1405",306,"R_i",0.00697675397219536,"partial26_simple_90"
"1406",307,"R_i",0.00697675805858552,"partial26_simple_90"
"1407",308,"R_i",0.00697676177514076,"partial26_simple_90"
"1408",309,"R_i",0.00697676515533815,"partial26_simple_90"
"1409",310,"R_i",0.00697676822962384,"partial26_simple_90"
"1410",311,"R_i",0.00697677102568751,"partial26_simple_90"
"1411",312,"R_i",0.00697677356871202,"partial26_simple_90"
"1412",313,"R_i",0.00697677588160039,"partial26_simple_90"
"1413",314,"R_i",0.00697677798518228,"partial26_simple_90"
"1414",315,"R_i",0.00697677989840169,"partial26_simple_90"
"1415",316,"R_i",0.00697678163848775,"partial26_simple_90"
"1416",317,"R_i",0.00697678322110994,"partial26_simple_90"
"1417",318,"R_i",0.00697678466051934,"partial26_simple_90"
"1418",319,"R_i",0.00697678596967705,"partial26_simple_90"
"1419",320,"R_i",0.00697678716037095,"partial26_simple_90"
"1420",321,"R_i",0.00697678824332198,"partial26_simple_90"
"1421",322,"R_i",0.00697678922828065,"partial26_simple_90"
"1422",323,"R_i",0.00697679012411496,"partial26_simple_90"
"1423",324,"R_i",0.00697679093889026,"partial26_simple_90"
"1424",325,"R_i",0.00697679167994192,"partial26_simple_90"
"1425",326,"R_i",0.00697679235394143,"partial26_simple_90"
"1426",327,"R_i",0.00697679296695644,"partial26_simple_90"
"1427",328,"R_i",0.00697679352450549,"partial26_simple_90"
"1428",329,"R_i",0.00697679403160766,"partial26_simple_90"
"1429",330,"R_i",0.00697679449282781,"partial26_simple_90"
"1430",331,"R_i",0.00697679491231767,"partial26_simple_90"
"1431",332,"R_i",0.00697679529385327,"partial26_simple_90"
"1432",333,"R_i",0.0069767956408689,"partial26_simple_90"
"1433",334,"R_i",0.00697679595648808,"partial26_simple_90"
"1434",335,"R_i",0.00697679624355165,"partial26_simple_90"
"1435",336,"R_i",0.0069767965046434,"partial26_simple_90"
"1436",337,"R_i",0.00697679674211329,"partial26_simple_90"
"1437",338,"R_i",0.00697679695809864,"partial26_simple_90"
"1438",339,"R_i",0.00697679715454335,"partial26_simple_90"
"1439",340,"R_i",0.00697679733321545,"partial26_simple_90"
"1440",341,"R_i",0.00697679749572295,"partial26_simple_90"
"1441",342,"R_i",0.00697679764352839,"partial26_simple_90"
"1442",343,"R_i",0.00697679777796195,"partial26_simple_90"
"1443",344,"R_i",0.00697679790023346,"partial26_simple_90"
"1444",345,"R_i",0.00697679801144327,"partial26_simple_90"
"1445",346,"R_i",0.00697679811259219,"partial26_simple_90"
"1446",347,"R_i",0.00697679820459045,"partial26_simple_90"
"1447",348,"R_i",0.00697679828826594,"partial26_simple_90"
"1448",349,"R_i",0.00697679836437164,"partial26_simple_90"
"1449",350,"R_i",0.00697679843359239,"partial26_simple_90"
"1450",351,"R_i",0.00697679849655109,"partial26_simple_90"
"1451",352,"R_i",0.00697679855381425,"partial26_simple_90"
"1452",353,"R_i",0.00697679860589715,"partial26_simple_90"
"1453",354,"R_i",0.00697679865326844,"partial26_simple_90"
"1454",355,"R_i",0.00697679869635437,"partial26_simple_90"
"1455",356,"R_i",0.00697679873554263,"partial26_simple_90"
"1456",357,"R_i",0.00697679877118582,"partial26_simple_90"
"1457",358,"R_i",0.00697679880360467,"partial26_simple_90"
"1458",359,"R_i",0.00697679883309086,"partial26_simple_90"
"1459",360,"R_i",0.00697679885990969,"partial26_simple_90"
"1460",361,"R_i",0.00697679888430248,"partial26_simple_90"
"1461",362,"R_i",0.00697679890648868,"partial26_simple_90"
"1462",363,"R_i",0.00697679892666792,"partial26_simple_90"
"1463",364,"R_i",0.00697679894502176,"partial26_simple_90"
"1464",365,"R_i",0.00697679896171532,"partial26_simple_90"
